Subject_ID,Actual,Predicted,Error
BA1,7.0,6.7448,-0.2552000000000003
BA1,7.0,6.783799999999999,-0.21620000000000061
BA1,7.0,6.749200000000001,-0.250799999999999
BA1,7.0,6.7898,-0.2102000000000004
BA1,7.0,6.737,-0.2629999999999999
BA1,7.0,6.715799999999999,-0.2842000000000011
BA2,7.0,7.018799999999998,0.01879999999999793
BA2,7.0,7.0665999999999976,0.06659999999999755
BA2,7.0,7.0329999999999995,0.032999999999999474
BA2,7.0,6.9515999999999964,-0.04840000000000355
BA2,7.0,6.689,-0.31099999999999994
BA2,7.0,6.7658,-0.2342000000000004
BA2,7.0,6.663399999999999,-0.3366000000000007
BA3,7.0,7.0122,0.012199999999999989
BA3,7.0,6.984399999999999,-0.015600000000000946
BA3,7.0,6.8724,-0.12760000000000016
BA3,7.0,6.674799999999999,-0.3252000000000006
BA3,7.0,6.6937999999999995,-0.30620000000000047
BA3,7.0,6.731999999999999,-0.2680000000000007
BA3,7.0,6.598,-0.40200000000000014
BA3,7.0,6.856999999999999,-0.14300000000000068
BA3,7.0,6.8031999999999995,-0.19680000000000053
BA3,7.0,6.726599999999998,-0.2734000000000023
BA4,8.0,7.599399999999999,-0.40060000000000073
BA4,8.0,7.083399999999999,-0.9166000000000007
BA4,8.0,6.875799999999999,-1.124200000000001
BA4,8.0,6.742199999999999,-1.2578000000000014
BA4,8.0,6.6812000000000005,-1.3187999999999995
BA4,8.0,7.1518,-0.8482000000000003
BA5,6.0,6.2101999999999995,0.2101999999999995
BA5,6.0,6.5398,0.5397999999999996
BA6,8.0,6.8434,-1.1566
BA6,8.0,6.716799999999999,-1.2832000000000008
BA6,8.0,6.752,-1.2480000000000002
BA6,8.0,7.473,-0.5270000000000001
BA6,8.0,7.4918,-0.5082000000000004
BA6,8.0,6.882,-1.1180000000000003
BA6,8.0,7.082,-0.9180000000000001
BA6,8.0,7.2618,-0.7382
BA7,6.0,6.045,0.04499999999999993
BA7,6.0,6.047,0.04699999999999971
BA7,6.0,6.048,0.04800000000000004
BA7,6.0,6.053,0.052999999999999936
BA7,6.0,6.034,0.03399999999999981
BA7,6.0,6.047,0.04699999999999971
BA8,7.0,6.950199999999998,-0.049800000000002065
BA8,7.0,6.9735999999999985,-0.026400000000001533
BA8,7.0,6.9654,-0.034600000000000186
BA8,7.0,6.8158,-0.1841999999999997
BA8,7.0,6.9807999999999995,-0.01920000000000055
BA9,8.0,6.510800000000001,-1.4891999999999994
BA9,8.0,7.181799999999997,-0.8182000000000027
BA9,8.0,7.108599999999996,-0.8914000000000044
BA9,8.0,7.3216,-0.6783999999999999
BA9,8.0,7.2473999999999945,-0.7526000000000055
BA11,6.0,6.475,0.47499999999999964
BA11,6.0,6.428799999999999,0.42879999999999896
BA11,6.0,6.547399999999999,0.5473999999999988
BA11,6.0,6.1453999999999995,0.14539999999999953
BA11,6.0,6.3144,0.3144
BA11,6.0,6.2794,0.27939999999999987
BA11,6.0,6.318199999999999,0.31819999999999915
BA11,6.0,6.401599999999999,0.4015999999999993
BA12,7.0,6.3034,-0.6966000000000001
BA12,7.0,6.525,-0.47499999999999964
BA12,7.0,6.3798,-0.6201999999999996
BA12,7.0,6.628799999999999,-0.37120000000000086
BA12,7.0,6.676200000000001,-0.3237999999999994
BA12,7.0,6.583199999999999,-0.41680000000000117
BA12,7.0,6.575,-0.4249999999999998
BA12,7.0,6.965200000000001,-0.03479999999999883
BA13,7.0,6.9912,-0.008799999999999919
BA13,7.0,6.877399999999998,-0.12260000000000204
BA14,7.0,6.970999999999997,-0.02900000000000258
BA14,7.0,7.079999999999998,0.0799999999999983
BA14,7.0,7.097399999999996,0.09739999999999593
BA14,7.0,7.0131999999999985,0.013199999999998546
BA14,7.0,6.942999999999999,-0.05700000000000127
BA14,7.0,6.879999999999998,-0.12000000000000188
BA14,7.0,6.828799999999998,-0.17120000000000157
BA14,7.0,6.834199999999999,-0.16580000000000084
BA15,7.0,6.9934,-0.006599999999999717
BA15,7.0,7.039399999999997,0.03939999999999699
BA15,7.0,7.137999999999999,0.137999999999999
BA15,7.0,6.907799999999999,-0.09220000000000095
BA15,7.0,6.936199999999999,-0.06380000000000141
BA15,7.0,6.954599999999998,-0.04540000000000166
BA15,7.0,7.024799999999999,0.024799999999999045
BA15,7.0,7.03,0.03000000000000025
BA15,7.0,7.078399999999996,0.0783999999999958
BA17,6.5,6.4308000000000005,-0.06919999999999948
BA17,6.5,6.7818,0.2817999999999996
BA17,6.5,6.595,0.09499999999999975
BA17,6.5,6.6132,0.11319999999999997
BA17,6.5,6.5796,0.07960000000000012
BA17,6.5,6.901199999999999,0.40119999999999933
BA18,7.5,6.926799999999999,-0.5732000000000008
BA18,7.5,6.8104,-0.6896000000000004
BA18,7.5,6.8742,-0.6257999999999999
BA18,7.5,7.188399999999999,-0.3116000000000012
BA19,7.5,6.982199999999999,-0.5178000000000011
BA19,7.5,7.096199999999998,-0.40380000000000216
BA19,7.5,6.867599999999997,-0.6324000000000032
BA19,7.5,6.716799999999999,-0.7832000000000008
BA19,7.5,6.948799999999999,-0.5512000000000006
BA19,7.5,6.77,-0.7300000000000004
BA19,7.5,6.913399999999999,-0.5866000000000007
BA19,7.5,7.0813999999999995,-0.4186000000000005
BA19,7.5,6.9541999999999975,-0.5458000000000025
BA20,6.0,6.0854,0.08539999999999992
BA20,6.0,6.375799999999999,0.375799999999999
BA20,6.0,6.280799999999999,0.2807999999999993
BA20,6.0,6.3244,0.3243999999999998
BA20,6.0,6.0808,0.08079999999999998
BA20,6.0,6.7684,0.7683999999999997
BA20,6.0,6.1613999999999995,0.16139999999999954
BA20,6.0,6.065,0.06500000000000039
BA20,6.0,6.602199999999999,0.602199999999999
BA20,6.0,6.710799999999999,0.710799999999999
BA21,7.5,6.7128,-0.7872000000000003
BA21,7.5,7.294,-0.2060000000000004
BA21,7.5,6.803799999999999,-0.696200000000001
BA21,7.5,6.8671999999999995,-0.6328000000000005
BA21,7.5,6.983799999999998,-0.5162000000000022
BA21,7.5,7.088399999999998,-0.41160000000000174
BA21,7.5,7.034200000000001,-0.4657999999999989
BA21,7.5,6.8064,-0.6936
BA22,7.2,6.993399999999991,-0.20660000000000878
BA22,7.2,7.034999999999974,-0.1650000000000258
BA22,7.2,7.082599999999977,-0.11740000000002304
BA22,7.2,6.898799999999992,-0.30120000000000857
BA22,7.2,6.4414,-0.7586000000000004
BA22,7.2,7.059399999999974,-0.14060000000002582
BA22,7.2,7.087599999999969,-0.11240000000003114
BA23,6.0,6.788199999999997,0.7881999999999971
BA23,6.0,6.959599999999998,0.9595999999999982
BA23,6.0,6.586399999999999,0.5863999999999994
BA23,6.0,6.4864,0.4863999999999997
BA23,6.0,6.679199999999999,0.6791999999999989
BA23,6.0,6.6372,0.6372
BA23,6.0,6.9148000000000005,0.9148000000000005
BA23,6.0,6.8287999999999975,0.8287999999999975
BA23,6.0,6.436,0.43599999999999994
BA24,6.0,6.129,0.12899999999999956
BA24,6.0,6.013,0.0129999999999999
BA24,6.0,6.037,0.03699999999999992
BA24,6.0,6.01,0.009999999999999787
BA24,6.0,6.108,0.10799999999999965
BA24,6.0,6.015,0.01499999999999968
BA24,6.0,6.028,0.02799999999999958
BA24,6.0,6.359,0.359
BA24,6.0,6.285,0.28500000000000014
BA25,5.5,5.8744,0.3743999999999996
BA25,5.5,5.819199999999998,0.3191999999999977
BA25,5.5,5.7264,0.22639999999999993
BA25,5.5,6.169,0.6689999999999996
BA25,5.5,6.0934,0.5933999999999999
BA25,5.5,5.838,0.3380000000000001
BA25,5.5,5.981799999999999,0.4817999999999989
BA25,5.5,5.913,0.41300000000000026
BA26,6.5,6.558,0.05799999999999983
BA26,6.5,6.671399999999999,0.17139999999999933
BA26,6.5,6.6373999999999995,0.13739999999999952
BA26,6.5,6.6384,0.13839999999999986
BA26,6.5,6.638,0.1379999999999999
BA26,6.5,6.518999999999998,0.01899999999999835
BA26,6.5,6.5493999999999994,0.049399999999999444
BA26,6.5,6.4678,-0.03219999999999956
BA26,6.5,6.637799999999999,0.1377999999999986
BA26,6.5,6.804,0.30400000000000027
BA26,6.5,6.8043999999999984,0.30439999999999845
BA27,7.5,7.084399999999996,-0.41560000000000397
BA27,7.5,7.453599999999995,-0.04640000000000466
BA27,7.5,7.0604,-0.43960000000000043
BA27,7.5,6.967,-0.5330000000000004
BA28,5.5,6.2414,0.7413999999999996
BA28,5.5,6.223399999999998,0.723399999999998
BA28,5.5,6.4654,0.9653999999999998
BA28,5.5,6.3398,0.8398000000000003
BA28,5.5,6.219200000000001,0.7192000000000007
BA28,5.5,6.044399999999999,0.5443999999999987
BA28,5.5,5.804,0.30400000000000027
BA28,5.5,6.307399999999999,0.8073999999999986
BA28,5.5,5.900399999999999,0.4003999999999994
BA28,5.5,6.044599999999999,0.5445999999999991
BA29,6.5,6.4468,-0.05320000000000036
BA29,6.5,6.449799999999999,-0.05020000000000113
BA29,6.5,6.4826,-0.017400000000000304
BA30,6.0,6.175,0.17499999999999982
BA30,6.0,6.129,0.12899999999999956
BA30,6.0,6.165,0.16500000000000004
BA30,6.0,6.391,0.391
BA30,6.0,6.201,0.20099999999999962
BA30,6.0,6.179,0.17900000000000027
BA30,6.0,6.196,0.19599999999999973
BA31,6.5,6.675399999999998,0.175399999999998
BA31,6.5,7.049199999999999,0.549199999999999
BA31,6.5,6.641,0.14100000000000001
BA31,6.5,6.7142,0.21419999999999995
BA31,6.5,6.4716,-0.028400000000000425
BA31,6.5,6.441799999999999,-0.05820000000000114
BA31,6.5,6.545199999999999,0.045199999999998575
BA32,6.0,6.2556,0.25560000000000027
BA32,6.0,6.3347999999999995,0.33479999999999954
BA32,6.0,6.361599999999998,0.36159999999999837
BA32,6.0,6.137199999999999,0.1371999999999991
BA32,6.0,6.257999999999999,0.2579999999999991
BA32,6.0,6.389200000000001,0.38920000000000066
BA32,6.0,6.2955999999999985,0.29559999999999853
BA32,6.0,6.710599999999997,0.7105999999999968
BA33,7.5,7.2063999999999995,-0.2936000000000005
BA33,7.5,6.913399999999999,-0.5866000000000007
BA33,7.5,6.950399999999999,-0.5496000000000008
BA33,7.5,6.776399999999999,-0.7236000000000011
BA33,7.5,7.042799999999999,-0.45720000000000116
BA33,7.5,6.978199999999999,-0.5218000000000007
BA33,7.5,6.892999999999999,-0.6070000000000011
BA33,7.5,6.813199999999999,-0.6868000000000007
BA33,7.5,6.976,-0.524
BA34,7.0,6.876,-0.12399999999999967
BA35,6.5,6.344,-0.1559999999999997
BA35,6.5,6.392,-0.10799999999999965
BA36,6.0,6.288,0.28800000000000026
BA36,6.0,6.451599999999998,0.4515999999999982
BA36,6.0,6.718599999999999,0.7185999999999986
BA36,6.0,6.531999999999999,0.5319999999999991
BA36,6.0,6.740399999999999,0.7403999999999993
BA37,7.0,6.952,-0.04800000000000004
BA37,7.0,6.889,-0.11099999999999977
BA37,7.0,6.9403999999999995,-0.05960000000000054
BA37,7.0,6.95,-0.04999999999999982
BA37,7.0,6.781,-0.2190000000000003
BA37,7.0,6.912,-0.08800000000000008
BA37,7.0,6.842,-0.15800000000000036
BA38,7.5,7.395799999999998,-0.10420000000000229
BA38,7.5,6.996,-0.5039999999999996
BA38,7.5,7.412399999999998,-0.0876000000000019
BA38,7.5,7.143199999999999,-0.35680000000000067
BA38,7.5,6.951599999999998,-0.5484000000000018
BA38,7.5,7.422399999999998,-0.07760000000000211
BA39,7.0,6.895,-0.10500000000000043
BA39,7.0,6.903,-0.09700000000000042
BA39,7.0,6.769,-0.23099999999999987
BA39,7.0,6.657,-0.34299999999999997
BA39,7.0,7.395,0.3949999999999996
BA39,7.0,6.775399999999999,-0.22460000000000058
BA39,7.0,6.7264,-0.27360000000000007
BA39,7.0,6.8374,-0.1626000000000003
BA42,8.5,7.237999999999998,-1.2620000000000022
BA42,8.5,7.9074,-0.5926
BA42,8.5,8.105199999999998,-0.3948000000000018
BA42,8.5,7.099799999999999,-1.4002000000000008
BA42,8.5,8.300799999999999,-0.19920000000000115
BA42,8.5,8.266,-0.23399999999999999
BA43,7.0,6.719199999999999,-0.28080000000000105
BA43,7.0,6.8294,-0.1706000000000003
BA43,7.0,6.9045999999999985,-0.09540000000000148
BA43,7.0,6.8768,-0.12319999999999975
BA46,6.0,6.689,0.6890000000000001
BA46,6.0,6.9723999999999995,0.9723999999999995
BA46,6.0,6.459,0.45899999999999963
BA46,6.0,6.345,0.34499999999999975
BA46,6.0,6.487,0.4870000000000001
BA46,6.0,6.218,0.21799999999999997
BA46,6.0,6.4628,0.46279999999999966
BA47,7.0,6.7454,-0.25459999999999994
BA47,7.0,6.702,-0.29800000000000004
BA47,7.0,6.6624,-0.3376000000000001
BA47,7.0,6.541,-0.45899999999999963
BA47,7.0,6.815,-0.1849999999999996
BA47,7.0,6.8514,-0.14860000000000007
BA47,7.0,6.833399999999999,-0.16660000000000075
BA47,7.0,6.7318,-0.2682000000000002
BA47,7.0,6.676399999999999,-0.3236000000000008
BA48,6.0,6.3668,0.36679999999999957
BA48,6.0,6.467399999999999,0.4673999999999987
BA48,6.0,6.3633999999999995,0.3633999999999995
BA48,6.0,6.1828,0.1828000000000003
BA48,6.0,6.3128,0.3128000000000002
BA48,6.0,6.395,0.3949999999999996
BA48,6.0,6.7254,0.7253999999999996
BA48,6.0,6.4,0.40000000000000036
BA48,6.0,6.362,0.3620000000000001
BA48,6.0,6.349799999999999,0.3497999999999992
BA48,6.0,6.5767999999999995,0.5767999999999995
BA49,6.0,6.3656,0.3655999999999997
BA49,6.0,6.682399999999998,0.6823999999999977
BA49,6.0,6.1898,0.18979999999999997
BA49,6.0,6.205,0.20500000000000007
BA49,6.0,6.223799999999999,0.2237999999999989
BA49,6.0,6.2646,0.2645999999999997
BA49,6.0,6.2258,0.22579999999999956
BA50,7.0,6.607,-0.3929999999999998
BA50,7.0,6.486799999999999,-0.5132000000000012
BA50,7.0,6.727,-0.2729999999999997
BA50,7.0,6.7814,-0.21860000000000035
BA50,7.0,6.905200000000001,-0.09479999999999933
BA50,7.0,6.806399999999998,-0.19360000000000177
BA50,7.0,6.664599999999999,-0.3354000000000008
BA50,7.0,6.874999999999998,-0.12500000000000178
BA50,7.0,7.1355999999999975,0.1355999999999975
BA50,7.0,7.262599999999998,0.26259999999999817
BA50,7.0,6.9934,-0.006599999999999717
BA50,7.0,6.817,-0.18299999999999983
BA52,6.0,6.471799999999999,0.4717999999999991
BA52,6.0,6.309799999999999,0.3097999999999992
BA52,6.0,6.224,0.2240000000000002
BA53,7.0,6.721999999999998,-0.27800000000000225
BA53,7.0,6.760399999999998,-0.23960000000000203
BA53,7.0,6.590599999999999,-0.40940000000000065
BA53,7.0,6.7707999999999995,-0.22920000000000051
BA53,7.0,6.979,-0.020999999999999908
BA53,7.0,6.9156,-0.08439999999999959
BA53,7.0,6.9692,-0.03080000000000016
BA56,5.0,6.1878,1.1878000000000002
BA56,5.0,6.069599999999999,1.0695999999999994
BA56,5.0,6.120199999999999,1.1201999999999988
BA56,5.0,5.762,0.7619999999999996
BA56,5.0,6.393,1.3929999999999998
BA56,5.0,5.693,0.6929999999999996
BA57,7.0,6.798,-0.20199999999999996
BA57,7.0,6.9124,-0.08760000000000012
BA57,7.0,6.837,-0.16300000000000026
BA57,7.0,6.8548,-0.1452
BA58,6.5,6.7124,0.2123999999999997
BA58,6.5,6.898999999999998,0.39899999999999824
BA58,6.5,6.678,0.17799999999999994
BA58,6.5,6.509799999999999,0.009799999999999365
BA58,6.5,6.7824,0.2824
BA58,6.5,6.916999999999999,0.4169999999999989
BA58,6.5,6.861599999999997,0.3615999999999966
BA59,7.0,6.823799999999998,-0.17620000000000235
BA59,7.0,6.707,-0.29300000000000015
BA59,7.0,6.835199999999999,-0.1648000000000014
BA59,7.0,6.9381999999999975,-0.06180000000000252
BA59,7.0,6.836,-0.1639999999999997
BA59,7.0,6.9689999999999985,-0.03100000000000147
BA59,7.0,6.773,-0.2270000000000003
BA59,7.0,6.946199999999999,-0.053800000000000736
BA59,7.0,6.865199999999997,-0.13480000000000292
BA60,5.5,6.134,0.6340000000000003
BA60,5.5,5.8073999999999995,0.30739999999999945
BA60,5.5,6.286599999999998,0.7865999999999982
BA60,5.5,6.3292,0.8292000000000002
BA60,5.5,6.458599999999999,0.9585999999999988
BA60,5.5,6.275,0.7750000000000004
BA60,5.5,6.056399999999998,0.5563999999999982
BA61,7.5,7.3612,-0.1387999999999998
BA61,7.5,7.415799999999999,-0.08420000000000094
BA61,7.5,7.2623999999999995,-0.23760000000000048
BA62,6.0,6.291600000000001,0.29160000000000075
BA62,6.0,6.359799999999999,0.359799999999999
BA62,6.0,6.2654,0.26539999999999964
BA62,6.0,6.2844,0.28439999999999976
BA62,6.0,6.423199999999999,0.4231999999999987
BA62,6.0,6.451,0.4509999999999996
BA62,6.0,6.659199999999997,0.6591999999999967
BA63,7.0,6.853599999999998,-0.14640000000000164
BA63,7.0,6.7693999999999965,-0.23060000000000347
BA63,7.0,6.951799999999997,-0.04820000000000313
BA63,7.0,6.967599999999998,-0.03240000000000176
BA63,7.0,6.8981999999999974,-0.10180000000000256
BA63,7.0,6.871199999999999,-0.1288000000000009
BA63,7.0,6.677599999999998,-0.3224000000000018
BA63,7.0,6.739799999999999,-0.2602000000000011
BA63,7.0,6.898799999999996,-0.10120000000000395
BA63,7.0,6.802599999999999,-0.1974000000000009
BA64,7.0,6.9597999999999995,-0.04020000000000046
BA64,7.0,6.9068000000000005,-0.0931999999999995
BA64,7.0,6.9046,-0.09539999999999971
BA64,7.0,6.9618,-0.03819999999999979
BA64,7.0,6.759399999999999,-0.2406000000000006
BA64,7.0,6.8624,-0.13759999999999994
BA65,8.0,7.6736,-0.3263999999999996
BA65,8.0,7.6232,-0.37680000000000025
BA65,8.0,7.884399999999999,-0.11560000000000059
BA65,8.0,7.714999999999998,-0.2850000000000019
BA65,8.0,7.392999999999999,-0.6070000000000011
BA65,8.0,7.708399999999999,-0.29160000000000075
BA65,8.0,7.6595999999999975,-0.3404000000000025
BA65,8.0,7.5774,-0.4226000000000001
BA66,7.0,6.913,-0.08699999999999974
BA66,7.0,6.990399999999999,-0.009600000000000719
BA66,7.0,6.9354,-0.06460000000000043
BA66,7.0,6.8694,-0.13060000000000027
BA66,7.0,6.8694,-0.13060000000000027
BA66,7.0,6.833,-0.16699999999999982
BA66,7.0,6.956,-0.043999999999999595
BA66,7.0,6.936,-0.06400000000000006
BA68,6.0,6.5134,0.5133999999999999
BA68,6.0,6.6034,0.6033999999999997
BA68,6.0,6.653,0.6529999999999996
BA68,6.0,6.394399999999999,0.3943999999999992
BA68,6.0,6.606199999999999,0.6061999999999994
BA68,6.0,6.3024,0.30239999999999956
BA69,6.0,6.2124,0.2123999999999997
BA69,6.0,6.642199999999999,0.642199999999999
BA69,6.0,6.1864,0.1863999999999999
BA69,6.0,6.1268,0.12680000000000025
BA69,6.0,6.0733999999999995,0.07339999999999947
BA69,6.0,6.462799999999999,0.46279999999999877
BA69,6.0,6.079,0.07899999999999974
BA70,5.0,5.683,0.6829999999999998
BA70,5.0,5.32,0.3200000000000003
BA70,5.0,6.1384,1.1383999999999999
BA70,5.0,6.3668,1.3667999999999996
BA70,5.0,6.5699999999999985,1.5699999999999985
BA70,5.0,6.0884,1.0884
BA70,5.0,6.113599999999999,1.113599999999999
BA71,7.0,6.837799999999998,-0.16220000000000212
BA71,7.0,6.899599999999999,-0.10040000000000138
BA71,7.0,6.959999999999998,-0.04000000000000181
BA71,7.0,6.703799999999998,-0.2962000000000016
BA71,7.0,6.708199999999997,-0.29180000000000295
BA71,7.0,6.746399999999994,-0.2536000000000058
BA71,7.0,6.972199999999998,-0.027800000000001823
BA71,7.0,6.9401999999999955,-0.059800000000004516
BA72,8.0,7.4802,-0.5198
BA72,8.0,7.7234,-0.2766000000000002
BA72,8.0,7.4274,-0.5726000000000004
BA72,8.0,7.869,-0.13100000000000023
BA72,8.0,7.9308000000000005,-0.06919999999999948
BA72,8.0,7.4924,-0.5076
BA72,8.0,7.933999999999999,-0.06600000000000072
BA72,8.0,7.9364,-0.0636000000000001
BA72,8.0,7.946,-0.05400000000000027
BA72,8.0,7.108,-0.8920000000000003
BA72,8.0,7.663599999999999,-0.33640000000000114
BA73,6.0,6.452599999999999,0.45259999999999856
BA73,6.0,6.433799999999995,0.4337999999999953
BA73,6.0,6.301199999999999,0.3011999999999988
BA73,6.0,6.5934,0.5933999999999999
BA73,6.0,6.355,0.3550000000000004
BA73,6.0,6.6168,0.6167999999999996
BA73,6.0,6.6064,0.6063999999999998
BA73,6.0,6.2307999999999995,0.23079999999999945
BA73,6.0,6.409799999999999,0.40979999999999883
BA74,7.5,7.2338,-0.26620000000000044
BA74,7.5,7.181799999999999,-0.3182000000000009
BA74,7.5,7.128999999999998,-0.3710000000000022
BA74,7.5,7.092,-0.40800000000000036
BA75,7.5,7.229599999999999,-0.2704000000000013
BA75,7.5,7.1735999999999995,-0.32640000000000047
BA75,7.5,7.2292,-0.2708000000000004
BA75,7.5,6.946999999999998,-0.5530000000000017
BA75,7.5,6.9002,-0.5998000000000001
BA75,7.5,7.089799999999999,-0.41020000000000056
BA75,7.5,7.1994,-0.3006000000000002
BA75,7.5,6.767399999999999,-0.7326000000000006
BA75,7.5,7.0164,-0.48360000000000003
BA75,7.5,6.9314,-0.5686
BA75,7.5,7.0232,-0.4767999999999999
BA76,6.5,6.9953999999999965,0.4953999999999965
BA76,6.5,7.013799999999998,0.513799999999998
BA76,6.5,6.767799999999999,0.26779999999999937
BA76,6.5,6.918999999999998,0.4189999999999978
BA76,6.5,6.6288,0.12880000000000003
BA76,6.5,6.5,0.0
BA77,6.0,6.2638,0.2637999999999998
BA77,6.0,6.2154,0.2153999999999998
BA77,6.0,6.379199999999999,0.3791999999999991
BA77,6.0,6.333600000000001,0.33360000000000056
BA77,6.0,6.421399999999999,0.42139999999999933
BA77,6.0,6.430599999999998,0.4305999999999983
BA77,6.0,6.674600000000001,0.6746000000000008
BA77,6.0,6.5534,0.5533999999999999
BA78,7.0,6.768399999999999,-0.23160000000000114
BA78,7.0,6.806799999999999,-0.19320000000000093
BA78,7.0,6.792199999999999,-0.20780000000000065
BA78,7.0,6.8114,-0.1886000000000001
BA78,7.0,6.6974,-0.3026
BA78,7.0,6.570399999999999,-0.42960000000000065
BA78,7.0,6.7986,-0.20139999999999958
BA78,7.0,6.6724,-0.32760000000000034
BA78,7.0,6.666199999999998,-0.3338000000000019
BA78,7.0,6.5078,-0.4922000000000004
BA78,7.0,6.621,-0.37899999999999956
BA78,7.0,6.739,-0.2610000000000001
BA79,7.0,6.7474,-0.25260000000000016
BA79,7.0,6.7592,-0.24080000000000013
BA79,7.0,6.801399999999999,-0.19860000000000078
BA80,7.0,6.849,-0.1509999999999998
BA80,7.0,6.8724,-0.12760000000000016
BA80,7.0,6.9444,-0.055600000000000094
BA80,7.0,6.9193999999999996,-0.08060000000000045
BA80,7.0,6.789999999999999,-0.21000000000000085
BA80,7.0,6.745799999999999,-0.25420000000000087
BA80,7.0,6.717199999999999,-0.28280000000000083
BA80,7.0,6.8304,-0.16959999999999997
BA80,7.0,6.6466,-0.3533999999999997
BA81,6.0,6.518599999999999,0.5185999999999993
BA81,6.0,6.668199999999999,0.6681999999999988
BA81,6.0,6.2444,0.24439999999999973
BA81,6.0,6.3304,0.3304
BA81,6.0,6.276,0.2759999999999998
BA81,6.0,6.408,0.40800000000000036
BA81,6.0,6.3142,0.3141999999999996
BA81,6.0,6.184,0.18400000000000016
BA81,6.0,6.1792,0.1791999999999998
BA82,8.0,7.514199999999997,-0.4858000000000029
BA82,8.0,6.952399999999998,-1.0476000000000019
BA82,8.0,7.090199999999997,-0.9098000000000033
BA82,8.0,6.833799999999999,-1.1662000000000008
BA82,8.0,6.783999999999999,-1.216000000000001
BA82,8.0,6.801,-1.1989999999999998
BA82,8.0,7.2622,-0.7378
BA83,5.0,5.11,0.11000000000000032
BA83,5.0,5.129,0.12899999999999956
BA83,5.0,5.782,0.782
BA83,5.0,6.4967999999999995,1.4967999999999995
BA83,5.0,5.603,0.6029999999999998
BA84,7.0,6.876599999999999,-0.12340000000000106
BA84,7.0,6.9155999999999995,-0.08440000000000047
BA85,7.0,7.064599999999993,0.06459999999999333
BA85,7.0,7.111999999999993,0.111999999999993
BA85,7.0,6.972599999999999,-0.02740000000000098
BA85,7.0,6.984599999999998,-0.0154000000000023
BA85,7.0,7.044199999999997,0.04419999999999735
BA85,7.0,7.003199999999998,0.003199999999997871
BA85,7.0,6.792199999999999,-0.20780000000000065
BA85,7.0,6.785,-0.21499999999999986
BA85,7.0,7.043999999999998,0.04399999999999782
BA86,6.5,6.543399999999999,0.04339999999999922
BA86,6.5,6.532799999999999,0.03279999999999905
BA86,6.5,6.885399999999998,0.38539999999999797
BA86,6.5,6.6565999999999965,0.15659999999999652
BA86,6.5,6.729399999999997,0.22939999999999738
BA86,6.5,6.6373999999999995,0.13739999999999952
BA86,6.5,6.6133999999999995,0.1133999999999995
BA86,6.5,6.6304,0.13039999999999985
BA87,6.0,6.296399999999999,0.29639999999999933
BA87,6.0,6.277,0.27700000000000014
BA87,6.0,6.575399999999999,0.5753999999999992
BA87,6.0,6.2044,0.2043999999999997
BA87,6.0,6.696,0.6959999999999997
BA87,6.0,6.3012,0.3011999999999997
BA89,8.0,6.970599999999996,-1.0294000000000043
BA89,8.0,7.830399999999998,-0.16960000000000175
BA89,8.0,7.8645999999999985,-0.13540000000000152
BA89,8.0,7.934799999999999,-0.06520000000000081
BA89,8.0,7.8759999999999994,-0.12400000000000055
BA89,8.0,7.790799999999999,-0.20920000000000094
BA89,8.0,7.844399999999999,-0.15560000000000063
BA89,8.0,6.790799999999999,-1.209200000000001
BA89,8.0,7.751799999999997,-0.2482000000000033
BA89,8.0,7.339999999999997,-0.6600000000000028
BA89,8.0,7.671599999999999,-0.32840000000000114
BA90,7.0,6.928,-0.07200000000000006
BA90,7.0,6.8427999999999995,-0.15720000000000045
BA90,7.0,6.7974,-0.20260000000000034
BA90,7.0,6.775999999999998,-0.22400000000000198
BA90,7.0,6.843,-0.15700000000000003
BA1,7.0,6.427,-0.5730000000000004
BA1,7.0,6.6878,-0.3121999999999998
BA1,7.0,6.6354,-0.36460000000000026
BA1,7.0,6.741,-0.25900000000000034
BA1,7.0,6.775200000000001,-0.22479999999999922
BA1,7.0,6.7218,-0.2782
BA1,7.0,6.7509999999999994,-0.24900000000000055
BA1,7.0,7.036199999999999,0.03619999999999912
BA1,7.0,6.869599999999997,-0.1304000000000034
BA1,7.0,6.679,-0.32099999999999973
BA2,7.0,6.959199999999999,-0.040800000000000836
BA2,7.0,6.6286,-0.3714000000000004
BA2,7.0,6.8504,-0.1496000000000004
BA2,7.0,6.76,-0.2400000000000002
BA2,7.0,6.836,-0.1639999999999997
BA2,7.0,7.027399999999999,0.027399999999999203
BA2,7.0,7.038199999999999,0.0381999999999989
BA2,7.0,6.9328,-0.0671999999999997
BA2,7.0,6.650799999999999,-0.3492000000000006
BA2,7.0,6.73,-0.2699999999999996
BA3,7.0,6.9373999999999985,-0.06260000000000154
BA3,7.0,6.727199999999999,-0.27280000000000104
BA3,7.0,6.8514,-0.14860000000000007
BA3,7.0,6.578,-0.4219999999999997
BA3,7.0,6.745,-0.2549999999999999
BA3,7.0,6.615799999999999,-0.38420000000000076
BA3,7.0,7.376,0.37600000000000033
BA3,7.0,6.665799999999999,-0.33420000000000094
BA3,7.0,6.7542,-0.24580000000000002
BA4,8.0,6.7303999999999995,-1.2696000000000005
BA4,8.0,7.266799999999999,-0.733200000000001
BA4,8.0,7.3564,-0.6436000000000002
BA4,8.0,6.9872000000000005,-1.0127999999999995
BA4,8.0,7.4788,-0.5212000000000003
BA4,8.0,7.131999999999998,-0.8680000000000021
BA4,8.0,7.379799999999998,-0.6202000000000023
BA4,8.0,7.623799999999999,-0.37620000000000076
BA4,8.0,7.508199999999999,-0.49180000000000135
BA5,6.0,6.79,0.79
BA5,6.0,6.654199999999999,0.6541999999999986
BA5,6.0,6.549199999999999,0.549199999999999
BA5,6.0,6.3378,0.33779999999999966
BA5,6.0,6.3664,0.3663999999999996
BA5,6.0,6.2703999999999995,0.27039999999999953
BA5,6.0,6.288,0.28800000000000026
BA6,8.0,7.173,-0.827
BA6,8.0,6.851,-1.149
BA6,8.0,7.911,-0.08900000000000041
BA6,8.0,7.526,-0.4740000000000002
BA7,6.0,6.205,0.20500000000000007
BA7,6.0,6.036,0.03599999999999959
BA7,6.0,6.492,0.492
BA7,6.0,6.293399999999999,0.2933999999999992
BA7,6.0,6.122,0.12199999999999989
BA7,6.0,6.200399999999999,0.20039999999999925
BA7,6.0,6.161,0.1609999999999996
BA7,6.0,6.36,0.3600000000000003
BA8,7.0,6.995799999999999,-0.00420000000000087
BA8,7.0,7.114399999999996,0.11439999999999628
BA8,7.0,6.962199999999999,-0.03780000000000072
BA8,7.0,6.994199999999999,-0.0058000000000006935
BA8,7.0,7.1568,0.1567999999999996
BA8,7.0,6.885199999999999,-0.11480000000000068
BA8,7.0,6.999799999999997,-0.0002000000000030866
BA8,7.0,7.043399999999998,0.04339999999999833
BA8,7.0,7.067799999999998,0.0677999999999983
BA8,7.0,7.006599999999999,0.006599999999998829
BA9,8.0,7.325199999999999,-0.6748000000000012
BA9,8.0,7.0564,-0.9436
BA9,8.0,6.7082,-1.2918000000000003
BA9,8.0,7.077799999999999,-0.922200000000001
BA9,8.0,7.0648,-0.9352
BA9,8.0,6.978399999999998,-1.021600000000002
BA9,8.0,6.854,-1.146
BA9,8.0,6.743399999999999,-1.2566000000000006
BA11,6.0,6.1903999999999995,0.19039999999999946
BA11,6.0,6.2048,0.20479999999999965
BA11,6.0,6.241,0.24099999999999966
BA11,6.0,6.247,0.2469999999999999
BA11,6.0,6.33,0.33000000000000007
BA12,7.0,6.5568,-0.44320000000000004
BA12,7.0,6.703399999999999,-0.29660000000000064
BA12,7.0,6.828,-0.1719999999999997
BA12,7.0,6.645,-0.3550000000000004
BA13,7.0,6.9437999999999995,-0.05620000000000047
BA13,7.0,6.9315999999999995,-0.06840000000000046
BA13,7.0,6.873199999999998,-0.12680000000000202
BA13,7.0,6.908799999999999,-0.09120000000000061
BA13,7.0,6.987199999999997,-0.012800000000003031
BA13,7.0,6.998600000000001,-0.0013999999999994017
BA14,7.0,6.8809999999999985,-0.11900000000000155
BA14,7.0,7.0664,0.06639999999999979
BA14,7.0,7.060799999999997,0.06079999999999686
BA14,7.0,7.121799999999992,0.12179999999999236
BA14,7.0,7.315999999999995,0.3159999999999954
BA14,7.0,7.202199999999997,0.20219999999999683
BA15,7.0,7.0615999999999985,0.061599999999998545
BA15,7.0,7.1755999999999975,0.17559999999999754
BA15,7.0,7.269599999999999,0.26959999999999873
BA15,7.0,7.0556,0.055600000000000094
BA15,7.0,7.159,0.1589999999999998
BA15,7.0,6.793399999999999,-0.20660000000000078
BA15,7.0,6.942799999999999,-0.057200000000000806
BA17,6.5,6.581,0.0810000000000004
BA17,6.5,6.462,-0.038000000000000256
BA17,6.5,6.5004,0.00039999999999995595
BA17,6.5,6.632,0.13199999999999967
BA17,6.5,6.718,0.21799999999999997
BA17,6.5,6.495799999999999,-0.00420000000000087
BA17,6.5,6.4434,-0.05660000000000043
BA17,6.5,6.6777999999999995,0.17779999999999951
BA17,6.5,6.615399999999999,0.11539999999999928
BA17,6.5,6.6011999999999995,0.10119999999999951
BA18,7.5,7.147199999999998,-0.352800000000002
BA18,7.5,6.903,-0.5970000000000004
BA18,7.5,6.8107999999999995,-0.6892000000000005
BA18,7.5,6.525,-0.9749999999999996
BA19,7.5,7.080799999999999,-0.4192000000000009
BA19,7.5,7.115599999999999,-0.3844000000000012
BA19,7.5,6.6774,-0.8226000000000004
BA19,7.5,6.9604,-0.5396000000000001
BA19,7.5,7.084799999999998,-0.41520000000000223
BA19,7.5,7.228799999999998,-0.2712000000000021
BA20,6.0,6.225200000000001,0.22520000000000095
BA20,6.0,6.185199999999999,0.18519999999999914
BA20,6.0,6.26,0.2599999999999998
BA20,6.0,5.998,-0.0019999999999997797
BA20,6.0,6.373600000000001,0.3736000000000006
BA20,6.0,6.344,0.3440000000000003
BA20,6.0,7.1254,1.1254
BA21,7.5,6.9277999999999995,-0.5722000000000005
BA21,7.5,6.5854,-0.9146000000000001
BA21,7.5,6.792,-0.7080000000000002
BA21,7.5,6.8896,-0.6104000000000003
BA21,7.5,6.7236,-0.7763999999999998
BA21,7.5,6.640199999999999,-0.8598000000000008
BA21,7.5,6.9462,-0.5537999999999998
BA21,7.5,6.973799999999999,-0.5262000000000011
BA21,7.5,6.872,-0.6280000000000001
BA21,7.5,6.564,-0.9359999999999999
BA21,7.5,6.320399999999999,-1.1796000000000006
BA21,7.5,6.8726,-0.6273999999999997
BA21,7.5,6.8986,-0.6013999999999999
BA21,7.5,6.8658,-0.6341999999999999
BA22,7.2,7.037799999999989,-0.162200000000011
BA22,7.2,7.115599999999976,-0.08440000000002446
BA22,7.2,6.897199999999997,-0.30280000000000307
BA22,7.2,6.913999999999991,-0.28600000000000936
BA22,7.2,6.9491999999999825,-0.2508000000000177
BA22,7.2,6.262399999999998,-0.9376000000000024
BA22,7.2,7.404999999999983,0.2049999999999832
BA23,6.0,7.017799999999999,1.0177999999999994
BA23,6.0,6.812399999999998,0.8123999999999976
BA23,6.0,6.663,0.6630000000000003
BA23,6.0,6.877799999999997,0.877799999999997
BA23,6.0,6.7334,0.7333999999999996
BA23,6.0,6.660799999999998,0.6607999999999983
BA23,6.0,6.997599999999997,0.9975999999999967
BA23,6.0,7.051,1.0510000000000002
BA23,6.0,6.520199999999999,0.5201999999999991
BA23,6.0,6.681999999999999,0.6819999999999986
BA24,6.0,6.038,0.038000000000000256
BA24,6.0,6.032,0.03200000000000003
BA24,6.0,6.08,0.08000000000000007
BA24,6.0,6.088,0.08800000000000008
BA24,6.0,6.151,0.1509999999999998
BA25,5.5,5.899799999999999,0.39979999999999905
BA25,5.5,5.785,0.28500000000000014
BA25,5.5,5.7414,0.24139999999999961
BA25,5.5,6.1358,0.6357999999999997
BA25,5.5,6.051399999999999,0.5513999999999992
BA25,5.5,5.911,0.4109999999999996
BA26,6.5,6.8544,0.35440000000000005
BA26,6.5,6.5794,0.07939999999999969
BA26,6.5,6.543399999999999,0.04339999999999922
BA26,6.5,6.682199999999999,0.18219999999999903
BA26,6.5,6.5368,0.03680000000000039
BA26,6.5,6.6354,0.13539999999999974
BA26,6.5,6.649799999999999,0.14979999999999905
BA26,6.5,6.3073999999999995,-0.19260000000000055
BA26,6.5,6.597799999999999,0.09779999999999944
BA26,6.5,6.466,-0.03399999999999981
BA26,6.5,6.622,0.12199999999999989
BA27,7.5,7.019599999999998,-0.48040000000000216
BA27,7.5,7.102599999999997,-0.39740000000000286
BA27,7.5,7.051199999999997,-0.448800000000003
BA27,7.5,7.316799999999999,-0.18320000000000114
BA27,7.5,7.3114,-0.1886000000000001
BA27,7.5,7.226199999999998,-0.27380000000000226
BA28,5.5,5.897399999999999,0.3973999999999993
BA28,5.5,5.801399999999999,0.3013999999999992
BA28,5.5,5.9193999999999996,0.41939999999999955
BA28,5.5,6.1728,0.6727999999999996
BA28,5.5,5.926,0.42600000000000016
BA28,5.5,6.042800000000001,0.5428000000000006
BA28,5.5,6.248399999999999,0.7483999999999993
BA29,6.5,6.5562,0.056199999999999584
BA29,6.5,6.647599999999999,0.14759999999999884
BA29,6.5,6.6384,0.13839999999999986
BA29,6.5,6.674600000000001,0.17460000000000075
BA29,6.5,6.5042,0.0041999999999999815
BA30,6.0,6.184,0.18400000000000016
BA30,6.0,6.427,0.4269999999999996
BA30,6.0,6.4064,0.40639999999999965
BA30,6.0,6.4834,0.4833999999999996
BA30,6.0,6.454,0.45399999999999974
BA30,6.0,6.275399999999999,0.2753999999999994
BA30,6.0,6.2814,0.28139999999999965
BA31,6.5,6.6442,0.14419999999999966
BA31,6.5,6.494599999999998,-0.005400000000001626
BA31,6.5,6.6646,0.16460000000000008
BA31,6.5,6.530399999999999,0.030399999999999316
BA31,6.5,6.5363999999999995,0.036399999999999544
BA31,6.5,6.2768,-0.2232000000000003
BA31,6.5,6.503599999999999,0.0035999999999987153
BA31,6.5,6.0614,-0.4386000000000001
BA31,6.5,6.212199999999999,-0.2878000000000007
BA31,6.5,6.224,-0.2759999999999998
BA31,6.5,6.655199999999999,0.1551999999999989
BA32,6.0,6.1494,0.14939999999999998
BA32,6.0,6.0694,0.0693999999999999
BA32,6.0,6.374,0.37399999999999967
BA32,6.0,6.170799999999999,0.17079999999999895
BA32,6.0,6.669199999999999,0.6691999999999991
BA32,6.0,6.272799999999999,0.27279999999999927
BA32,6.0,6.2014,0.20139999999999958
BA32,6.0,6.665199999999999,0.6651999999999987
BA32,6.0,6.2526,0.25260000000000016
BA33,7.5,7.169,-0.3310000000000004
BA33,7.5,7.257,-0.24300000000000033
BA33,7.5,6.489999999999999,-1.0100000000000007
BA35,6.5,6.429,-0.07099999999999973
BA35,6.5,6.4284,-0.07160000000000011
BA35,6.5,6.5203999999999995,0.02039999999999953
BA35,6.5,6.664,0.1639999999999997
BA36,6.0,7.184399999999999,1.1843999999999992
BA36,6.0,6.530399999999999,0.5303999999999993
BA36,6.0,6.557799999999999,0.5577999999999994
BA36,6.0,6.4966,0.49659999999999993
BA36,6.0,6.433599999999998,0.43359999999999843
BA37,7.0,6.899,-0.10099999999999998
BA37,7.0,6.871,-0.12899999999999956
BA37,7.0,6.9544,-0.04560000000000031
BA37,7.0,6.8464,-0.15359999999999996
BA37,7.0,6.893,-0.1070000000000002
BA37,7.0,6.7264,-0.27360000000000007
BA37,7.0,6.919,-0.0810000000000004
BA38,7.5,7.2314,-0.26860000000000017
BA38,7.5,7.3686,-0.13140000000000018
BA38,7.5,7.141799999999999,-0.35820000000000096
BA38,7.5,7.2501999999999995,-0.24980000000000047
BA38,7.5,7.440799999999999,-0.059200000000000585
BA39,7.0,6.771799999999999,-0.22820000000000107
BA39,7.0,6.855,-0.14499999999999957
BA39,7.0,6.8264,-0.17360000000000042
BA39,7.0,6.821,-0.17900000000000027
BA39,7.0,6.7988,-0.20120000000000005
BA39,7.0,6.5767999999999995,-0.42320000000000046
BA39,7.0,6.8118,-0.18820000000000014
BA39,7.0,6.8104,-0.18960000000000043
BA39,7.0,6.762,-0.23800000000000043
BA42,8.5,8.0984,-0.4016000000000002
BA42,8.5,7.719599999999999,-0.7804000000000011
BA42,8.5,8.37,-0.13000000000000078
BA42,8.5,8.199399999999999,-0.3006000000000011
BA43,7.0,6.813,-0.18700000000000028
BA43,7.0,6.8427999999999995,-0.15720000000000045
BA43,7.0,6.769999999999999,-0.23000000000000131
BA43,7.0,6.827199999999999,-0.1728000000000014
BA43,7.0,6.785399999999999,-0.2146000000000008
BA43,7.0,6.611199999999999,-0.3888000000000007
BA43,7.0,6.7452000000000005,-0.25479999999999947
BA44,7.5,7.166399999999999,-0.33360000000000056
BA44,7.5,7.013,-0.4870000000000001
BA44,7.5,7.1914,-0.3086000000000002
BA44,7.5,6.996,-0.5039999999999996
BA44,7.5,6.991,-0.5090000000000003
BA44,7.5,6.7614,-0.7385999999999999
BA44,7.5,7.307,-0.19299999999999962
BA44,7.5,7.011799999999999,-0.48820000000000086
BA44,7.5,7.180999999999998,-0.3190000000000017
BA46,6.0,6.2943999999999996,0.29439999999999955
BA46,6.0,6.341399999999999,0.34139999999999926
BA46,6.0,6.6494,0.6494
BA46,6.0,6.527399999999999,0.5273999999999992
BA47,7.0,6.692,-0.30799999999999983
BA47,7.0,6.7474,-0.25260000000000016
BA47,7.0,6.850599999999998,-0.14940000000000175
BA47,7.0,6.8027999999999995,-0.19720000000000049
BA47,7.0,6.848799999999999,-0.1512000000000011
BA47,7.0,6.8114,-0.1886000000000001
BA47,7.0,7.015,0.01499999999999968
BA48,6.0,6.267399999999999,0.2673999999999994
BA48,6.0,6.3892,0.38919999999999977
BA48,6.0,6.540199999999999,0.5401999999999987
BA48,6.0,6.2832,0.2831999999999999
BA48,6.0,6.4468000000000005,0.44680000000000053
BA49,6.0,6.373200000000001,0.37320000000000064
BA49,6.0,6.174600000000001,0.17460000000000075
BA49,6.0,6.4976,0.49760000000000026
BA49,6.0,6.224600000000001,0.22460000000000058
BA49,6.0,6.2623999999999995,0.2623999999999995
BA49,6.0,6.3724,0.37239999999999984
BA50,7.0,6.4475999999999996,-0.5524000000000004
BA50,7.0,6.893999999999997,-0.10600000000000342
BA50,7.0,6.678599999999999,-0.3214000000000006
BA50,7.0,6.5852,-0.4147999999999996
BA51,6.0,6.3698,0.3697999999999997
BA51,6.0,6.405600000000001,0.4056000000000006
BA52,6.0,6.6388,0.6387999999999998
BA52,6.0,6.327799999999999,0.327799999999999
BA52,6.0,6.247,0.2469999999999999
BA52,6.0,6.651,0.6509999999999998
BA52,6.0,6.3582,0.3582000000000001
BA52,6.0,6.347,0.3470000000000004
BA52,6.0,6.463799999999999,0.4637999999999991
BA52,6.0,6.2614,0.2614000000000001
BA52,6.0,6.3324,0.3323999999999998
BA53,7.0,6.508199999999999,-0.49180000000000135
BA53,7.0,6.818999999999998,-0.18100000000000183
BA53,7.0,6.528199999999999,-0.4718000000000009
BA53,7.0,6.788199999999997,-0.21180000000000287
BA53,7.0,6.8064,-0.1936
BA53,7.0,6.476799999999999,-0.523200000000001
BA53,7.0,6.508799999999999,-0.49120000000000097
BA53,7.0,6.8107999999999995,-0.18920000000000048
BA53,7.0,6.9536,-0.04640000000000022
BA56,5.0,5.9677999999999995,0.9677999999999995
BA56,5.0,6.336799999999999,1.3367999999999993
BA56,5.0,6.0342,1.0342000000000002
BA56,5.0,6.339600000000001,1.3396000000000008
BA56,5.0,6.415,1.415
BA56,5.0,5.714,0.7140000000000004
BA56,5.0,5.939,0.9390000000000001
BA57,7.0,6.7198,-0.2801999999999998
BA57,7.0,6.880199999999999,-0.11980000000000057
BA57,7.0,6.7318,-0.2682000000000002
BA57,7.0,6.764599999999999,-0.23540000000000116
BA57,7.0,6.887199999999999,-0.1128000000000009
BA57,7.0,6.783,-0.21699999999999964
BA57,7.0,6.660799999999999,-0.33920000000000083
BA58,6.5,6.596799999999999,0.09679999999999911
BA58,6.5,6.660200000000001,0.16020000000000056
BA58,6.5,6.636,0.13600000000000012
BA58,6.5,7.087,0.5869999999999997
BA58,6.5,6.6274,0.12739999999999974
BA58,6.5,6.729,0.2290000000000001
BA58,6.5,6.7338,0.23379999999999956
BA58,6.5,6.8539999999999965,0.35399999999999654
BA59,7.0,6.572599999999999,-0.42740000000000133
BA59,7.0,6.8514,-0.14860000000000007
BA59,7.0,6.7814,-0.21860000000000035
BA59,7.0,6.689799999999999,-0.3102000000000009
BA59,7.0,6.8176,-0.18240000000000034
BA60,5.5,6.0768,0.5768000000000004
BA60,5.5,6.005,0.5049999999999999
BA60,5.5,5.8064,0.3064
BA60,5.5,5.838799999999999,0.3387999999999991
BA60,5.5,6.333,0.8330000000000002
BA60,5.5,6.058,0.5579999999999998
BA60,5.5,6.2474,0.7473999999999998
BA61,7.5,7.392199999999999,-0.107800000000001
BA61,7.5,7.500799999999998,0.0007999999999981355
BA61,7.5,7.402799999999999,-0.09720000000000084
BA61,7.5,7.482199999999999,-0.017800000000001148
BA61,7.5,7.4052,-0.09480000000000022
BA61,7.5,7.433199999999997,-0.0668000000000033
BA61,7.5,7.360199999999999,-0.13980000000000103
BA62,6.0,6.187399999999999,0.18739999999999934
BA62,6.0,6.2454,0.24540000000000006
BA62,6.0,6.6304,0.6303999999999998
BA62,6.0,6.608399999999998,0.6083999999999978
BA62,6.0,7.146199999999997,1.1461999999999968
BA62,6.0,6.619599999999997,0.6195999999999966
BA63,7.0,7.050200000000001,0.05020000000000113
BA63,7.0,6.954199999999999,-0.04580000000000073
BA63,7.0,6.837999999999998,-0.1620000000000017
BA63,7.0,6.78,-0.21999999999999975
BA63,7.0,6.603,-0.39700000000000024
BA64,7.0,6.7488,-0.25119999999999987
BA64,7.0,6.8313999999999995,-0.16860000000000053
BA64,7.0,6.8633999999999995,-0.1366000000000005
BA64,7.0,6.9,-0.09999999999999964
BA64,7.0,6.825399999999999,-0.17460000000000075
BA64,7.0,6.834,-0.16600000000000037
BA64,7.0,6.69,-0.3099999999999996
BA64,7.0,6.918199999999999,-0.0818000000000012
BA64,7.0,6.7208,-0.27920000000000034
BA65,8.0,7.391599999999999,-0.6084000000000014
BA65,8.0,7.568599999999998,-0.4314000000000018
BA65,8.0,7.4517999999999995,-0.5482000000000005
BA65,8.0,6.585799999999999,-1.414200000000001
BA65,8.0,6.677599999999999,-1.322400000000001
BA65,8.0,7.585999999999996,-0.41400000000000414
BA65,8.0,7.621,-0.37899999999999956
BA66,7.0,6.989,-0.01100000000000012
BA66,7.0,6.864,-0.13600000000000012
BA66,7.0,6.951,-0.04900000000000038
BA66,7.0,6.971,-0.028999999999999915
BA68,6.0,6.4597999999999995,0.45979999999999954
BA68,6.0,6.084,0.08399999999999963
BA68,6.0,6.690599999999998,0.6905999999999981
BA68,6.0,6.443199999999999,0.44319999999999915
BA68,6.0,6.127,0.12699999999999978
BA69,6.0,6.212599999999999,0.21259999999999923
BA69,6.0,6.3076,0.3075999999999999
BA69,6.0,6.1162,0.11620000000000008
BA69,6.0,5.899,-0.10099999999999998
BA69,6.0,6.0644,0.06440000000000001
BA69,6.0,6.047,0.04699999999999971
BA69,6.0,6.0908,0.09079999999999977
BA69,6.0,6.013,0.0129999999999999
BA70,5.0,5.483,0.48299999999999965
BA70,5.0,5.309399999999999,0.30939999999999923
BA70,5.0,5.748199999999999,0.7481999999999989
BA70,5.0,5.956,0.9560000000000004
BA70,5.0,6.4494,1.4493999999999998
BA70,5.0,6.1613999999999995,1.1613999999999995
BA71,7.0,6.781199999999998,-0.21880000000000166
BA71,7.0,7.102599999999993,0.1025999999999927
BA71,7.0,6.979799999999997,-0.02020000000000266
BA71,7.0,6.952799999999997,-0.047200000000002795
BA71,7.0,7.357799999999999,0.35779999999999923
BA72,8.0,7.773,-0.2270000000000003
BA72,8.0,7.881200000000001,-0.11879999999999935
BA72,8.0,7.839999999999999,-0.16000000000000103
BA72,8.0,7.5501999999999985,-0.44980000000000153
BA72,8.0,7.644399999999999,-0.3556000000000008
BA73,6.0,6.799199999999996,0.7991999999999964
BA73,6.0,6.305199999999999,0.30519999999999925
BA73,6.0,6.3904,0.39039999999999964
BA73,6.0,6.3752,0.3752000000000004
BA73,6.0,6.632199999999999,0.6321999999999992
BA73,6.0,6.5615999999999985,0.5615999999999985
BA73,6.0,6.37,0.3700000000000001
BA73,6.0,6.744399999999999,0.7443999999999988
BA73,6.0,6.4434,0.4433999999999996
BA73,6.0,6.5098,0.5098000000000003
BA73,6.0,6.494399999999999,0.49439999999999884
BA74,7.5,7.12,-0.3799999999999999
BA74,7.5,7.0404,-0.4596
BA74,7.5,7.200399999999999,-0.29960000000000075
BA74,7.5,6.785,-0.7149999999999999
BA74,7.5,7.1014,-0.39860000000000007
BA74,7.5,6.924600000000001,-0.5753999999999992
BA74,7.5,6.615399999999999,-0.8846000000000007
BA74,7.5,7.021799999999999,-0.47820000000000107
BA75,7.5,7.2177999999999995,-0.28220000000000045
BA75,7.5,7.2463999999999995,-0.2536000000000005
BA75,7.5,7.0484,-0.4516
BA75,7.5,6.9411999999999985,-0.5588000000000015
BA75,7.5,6.9606,-0.5393999999999997
BA75,7.5,6.7248,-0.7751999999999999
BA75,7.5,7.135400000000001,-0.36459999999999937
BA75,7.5,7.113399999999996,-0.38660000000000405
BA76,6.5,6.8362,0.33619999999999983
BA76,6.5,6.849799999999999,0.3497999999999992
BA76,6.5,6.7214,0.22140000000000004
BA77,6.0,6.1734,0.1734
BA77,6.0,6.364799999999999,0.3647999999999989
BA77,6.0,6.394399999999999,0.3943999999999992
BA77,6.0,6.169,0.1689999999999996
BA77,6.0,6.461399999999999,0.46139999999999937
BA77,6.0,6.090199999999999,0.09019999999999939
BA77,6.0,6.561,0.5609999999999999
BA77,6.0,6.672599999999999,0.6725999999999992
BA77,6.0,6.5392,0.5392000000000001
BA78,7.0,6.6232,-0.37680000000000025
BA78,7.0,6.954,-0.04600000000000026
BA78,7.0,6.6606000000000005,-0.3393999999999995
BA78,7.0,6.8081999999999985,-0.19180000000000152
BA78,7.0,6.7112,-0.28880000000000017
BA78,7.0,6.896,-0.10400000000000009
BA79,7.0,6.844,-0.1559999999999997
BA79,7.0,6.8744,-0.12560000000000038
BA79,7.0,6.7654,-0.23460000000000036
BA79,7.0,6.83,-0.16999999999999993
BA79,7.0,6.735,-0.2649999999999997
BA79,7.0,6.841,-0.1589999999999998
BA80,7.0,6.732399999999999,-0.2676000000000007
BA80,7.0,6.722,-0.2779999999999996
BA80,7.0,6.621,-0.37899999999999956
BA80,7.0,6.940799999999999,-0.059200000000000585
BA80,7.0,6.783399999999999,-0.21660000000000057
BA80,7.0,6.8218000000000005,-0.17819999999999947
BA80,7.0,6.725,-0.27500000000000036
BA80,7.0,6.857,-0.1429999999999998
BA80,7.0,6.789,-0.2110000000000003
BA81,6.0,6.693399999999998,0.6933999999999978
BA81,6.0,6.793199999999995,0.7931999999999952
BA81,6.0,6.341399999999999,0.34139999999999926
BA81,6.0,6.191,0.19099999999999984
BA81,6.0,6.183,0.18299999999999983
BA81,6.0,6.373399999999999,0.3733999999999993
BA81,6.0,6.221,0.22100000000000009
BA81,6.0,6.761,0.7610000000000001
BA81,6.0,6.356,0.35599999999999987
BA81,6.0,6.5326,0.5326000000000004
BA82,8.0,7.478799999999999,-0.5212000000000012
BA82,8.0,7.355599999999998,-0.6444000000000019
BA82,8.0,6.737,-1.263
BA82,8.0,7.098599999999999,-0.9014000000000006
BA82,8.0,6.639399999999999,-1.3606000000000007
BA83,5.0,5.176,0.17600000000000016
BA83,5.0,5.167,0.16699999999999982
BA83,5.0,5.302,0.3019999999999996
BA83,5.0,5.336,0.3360000000000003
BA83,5.0,5.75,0.75
BA83,5.0,5.723,0.7229999999999999
BA83,5.0,6.220200000000001,1.220200000000001
BA83,5.0,5.784,0.7839999999999998
BA83,5.0,6.1864,1.1864
BA84,7.0,6.883599999999995,-0.11640000000000494
BA84,7.0,6.9398,-0.06020000000000003
BA84,7.0,6.767,-0.23299999999999965
BA85,7.0,7.056599999999998,0.05659999999999776
BA85,7.0,6.948599999999998,-0.05140000000000189
BA85,7.0,6.998999999999997,-0.0010000000000029985
BA85,7.0,7.011599999999999,0.011599999999998722
BA85,7.0,7.0196000000000005,0.019600000000000506
BA85,7.0,7.009999999999998,0.00999999999999801
BA86,6.5,6.599999999999998,0.09999999999999787
BA86,6.5,6.614799999999999,0.1147999999999989
BA86,6.5,6.711999999999999,0.21199999999999886
BA86,6.5,6.522,0.02200000000000024
BA86,6.5,6.5127999999999995,0.012799999999999478
BA86,6.5,6.5725999999999996,0.07259999999999955
BA86,6.5,6.697599999999999,0.19759999999999867
BA86,6.5,6.6042,0.10419999999999963
BA87,6.0,6.1846,0.18459999999999965
BA87,6.0,6.403200000000001,0.4032000000000009
BA87,6.0,6.0948,0.09480000000000022
BA87,6.0,6.259399999999999,0.2593999999999994
BA87,6.0,6.2017999999999995,0.20179999999999954
BA87,6.0,6.6221999999999985,0.6221999999999985
BA87,6.0,6.340599999999999,0.34059999999999935
BA89,8.0,7.910199999999999,-0.08980000000000121
BA89,8.0,7.804600000000001,-0.19539999999999935
BA89,8.0,7.837999999999998,-0.1620000000000017
BA89,8.0,7.272199999999997,-0.7278000000000029
BA89,8.0,6.439,-1.561
BA89,8.0,7.593399999999998,-0.40660000000000185
BA89,8.0,7.751999999999998,-0.248000000000002
BA89,8.0,7.7474,-0.25260000000000016
BA90,7.0,6.957,-0.04300000000000015
BA90,7.0,6.844799999999999,-0.15520000000000067
BA90,7.0,6.8072,-0.19280000000000008
BA90,7.0,6.902,-0.09799999999999986
BA90,7.0,6.8957999999999995,-0.10420000000000051
BA90,7.0,6.96,-0.040000000000000036
BA90,7.0,6.769399999999999,-0.2306000000000008
BA90,7.0,6.7414,-0.2586000000000004
BA1,7.0,6.464600000000001,-0.5353999999999992
BA1,7.0,6.8934,-0.10660000000000025
BA1,7.0,7.0962,0.09619999999999962
BA1,7.0,7.0102,0.010200000000000209
BA1,7.0,6.8852,-0.11479999999999979
BA2,7.0,6.8584,-0.1416000000000004
BA2,7.0,6.739599999999999,-0.26040000000000063
BA2,7.0,6.989,-0.01100000000000012
BA2,7.0,7.055,0.054999999999999716
BA2,7.0,7.019,0.019000000000000128
BA2,7.0,7.234,0.23399999999999999
BA2,7.0,7.1508,0.15080000000000027
BA3,7.0,6.8435999999999995,-0.15640000000000054
BA3,7.0,6.950399999999998,-0.04960000000000164
BA3,7.0,6.5504,-0.4496000000000002
BA3,7.0,6.855600000000001,-0.1443999999999992
BA3,7.0,6.5474,-0.45260000000000034
BA3,7.0,6.889,-0.11099999999999977
BA3,7.0,6.745599999999998,-0.2544000000000022
BA4,8.0,6.820399999999999,-1.1796000000000006
BA4,8.0,7.499599999999998,-0.5004000000000017
BA4,8.0,7.449199999999998,-0.5508000000000024
BA4,8.0,7.5319999999999965,-0.4680000000000035
BA4,8.0,7.5192,-0.48080000000000034
BA5,6.0,6.246,0.24600000000000044
BA5,6.0,6.14,0.13999999999999968
BA5,6.0,6.2058,0.20579999999999998
BA5,6.0,6.562399999999999,0.5623999999999993
BA5,6.0,6.37,0.3700000000000001
BA5,6.0,6.662799999999999,0.662799999999999
BA5,6.0,6.142399999999999,0.14239999999999942
BA5,6.0,6.136,0.13600000000000012
BA6,8.0,7.3558,-0.6441999999999997
BA6,8.0,7.246,-0.7539999999999996
BA6,8.0,7.1754,-0.8246000000000002
BA6,8.0,7.617199999999999,-0.38280000000000136
BA6,8.0,6.9604,-1.0396
BA6,8.0,6.9874,-1.0126
BA6,8.0,6.952799999999999,-1.047200000000001
BA6,8.0,7.7794,-0.22060000000000013
BA6,8.0,7.5203999999999995,-0.47960000000000047
BA6,8.0,7.519399999999999,-0.4806000000000008
BA7,6.0,6.044,0.043999999999999595
BA7,6.0,6.255,0.2549999999999999
BA7,6.0,6.088,0.08800000000000008
BA7,6.0,6.1574,0.15739999999999998
BA8,7.0,6.9506,-0.04940000000000033
BA8,7.0,7.003399999999997,0.003399999999997405
BA8,7.0,7.036,0.03599999999999959
BA8,7.0,7.078999999999998,0.07899999999999796
BA8,7.0,6.973199999999999,-0.0268000000000006
BA8,7.0,6.93,-0.07000000000000028
BA8,7.0,7.113199999999998,0.11319999999999819
BA9,8.0,7.1864,-0.8136000000000001
BA9,8.0,7.135799999999998,-0.8642000000000021
BA9,8.0,7.087,-0.9130000000000003
BA9,8.0,7.237999999999998,-0.7620000000000022
BA9,8.0,7.283799999999997,-0.7162000000000033
BA9,8.0,7.1841999999999935,-0.8158000000000065
BA11,6.0,6.3153999999999995,0.31539999999999946
BA11,6.0,6.400399999999999,0.4003999999999994
BA11,6.0,6.484,0.484
BA11,6.0,6.3452,0.3452000000000002
BA11,6.0,6.117,0.11699999999999999
BA11,6.0,6.091399999999999,0.09139999999999926
BA12,7.0,6.651,-0.3490000000000002
BA12,7.0,6.531199999999999,-0.46880000000000077
BA12,7.0,6.5985999999999985,-0.40140000000000153
BA12,7.0,6.7328,-0.2671999999999999
BA12,7.0,6.735599999999999,-0.2644000000000011
BA13,7.0,6.983999999999996,-0.016000000000003567
BA13,7.0,7.009799999999999,0.009799999999999365
BA13,7.0,6.959399999999999,-0.0406000000000013
BA13,7.0,7.003399999999997,0.003399999999997405
BA13,7.0,6.831199999999996,-0.1688000000000036
BA13,7.0,6.9594,-0.040600000000000414
BA13,7.0,7.0028,0.0027999999999996916
BA14,7.0,7.0569999999999995,0.056999999999999496
BA14,7.0,7.057399999999998,0.057399999999997675
BA14,7.0,6.863399999999999,-0.1366000000000014
BA14,7.0,6.860599999999999,-0.13940000000000108
BA14,7.0,6.703600000000001,-0.29639999999999933
BA14,7.0,6.9144,-0.08560000000000034
BA14,7.0,6.929599999999997,-0.0704000000000029
BA14,7.0,6.9776,-0.022400000000000198
BA14,7.0,7.123199999999999,0.12319999999999887
BA15,7.0,6.997999999999998,-0.002000000000001556
BA15,7.0,7.026999999999998,0.02699999999999836
BA15,7.0,7.145,0.14499999999999957
BA15,7.0,7.187600000000001,0.18760000000000066
BA15,7.0,7.221,0.22100000000000009
BA15,7.0,7.069199999999997,0.06919999999999682
BA15,7.0,7.3623999999999965,0.3623999999999965
BA15,7.0,7.0147999999999975,0.014799999999997482
BA15,7.0,7.1293999999999995,0.12939999999999952
BA17,6.5,6.406200000000001,-0.093799999999999
BA17,6.5,6.5008,0.0007999999999999119
BA17,6.5,6.7692,0.26919999999999966
BA17,6.5,6.571199999999999,0.07119999999999926
BA17,6.5,6.909599999999999,0.4095999999999993
BA17,6.5,6.471999999999998,-0.028000000000002245
BA17,6.5,6.602399999999999,0.10239999999999938
BA17,6.5,6.562199999999998,0.062199999999998035
BA17,6.5,6.6457999999999995,0.14579999999999949
BA18,7.5,7.014999999999998,-0.4850000000000021
BA18,7.5,7.015200000000001,-0.484799999999999
BA18,7.5,7.196599999999999,-0.3034000000000008
BA18,7.5,7.185,-0.3150000000000004
BA19,7.5,6.8253999999999975,-0.6746000000000025
BA19,7.5,6.801799999999999,-0.6982000000000008
BA19,7.5,6.628799999999999,-0.8712000000000009
BA19,7.5,6.7716,-0.7283999999999997
BA19,7.5,6.8742,-0.6257999999999999
BA19,7.5,7.246199999999999,-0.2538000000000009
BA20,6.0,6.2142,0.21419999999999995
BA20,6.0,6.146799999999999,0.14679999999999893
BA20,6.0,6.231599999999999,0.23159999999999936
BA20,6.0,6.3248,0.32479999999999976
BA20,6.0,6.041399999999999,0.04139999999999944
BA20,6.0,6.115399999999999,0.11539999999999928
BA20,6.0,6.529399999999998,0.5293999999999981
BA21,7.5,7.393799999999998,-0.10620000000000207
BA21,7.5,6.8778,-0.6222000000000003
BA21,7.5,6.339200000000001,-1.1607999999999992
BA21,7.5,6.9866,-0.5133999999999999
BA21,7.5,7.046799999999999,-0.4532000000000007
BA22,7.2,7.050799999999994,-0.14920000000000577
BA22,7.2,7.196599999999995,-0.0034000000000053987
BA22,7.2,6.900999999999984,-0.29900000000001636
BA22,7.2,6.950799999999976,-0.24920000000002407
BA22,7.2,6.932199999999992,-0.26780000000000825
BA22,7.2,6.895199999999986,-0.3048000000000144
BA22,7.2,7.18579999999999,-0.014200000000010427
BA22,7.2,7.115599999999987,-0.08440000000001291
BA23,6.0,6.868199999999999,0.868199999999999
BA23,6.0,6.864199999999997,0.8641999999999967
BA23,6.0,6.6552,0.6551999999999998
BA23,6.0,6.604799999999999,0.6047999999999991
BA23,6.0,6.892199999999998,0.8921999999999981
BA23,6.0,6.685,0.6849999999999996
BA23,6.0,7.001199999999999,1.001199999999999
BA24,6.0,6.450399999999999,0.45039999999999925
BA24,6.0,6.066,0.06599999999999984
BA24,6.0,6.227,0.2270000000000003
BA24,6.0,6.057,0.057000000000000384
BA24,6.0,6.108,0.10799999999999965
BA24,6.0,6.356,0.35599999999999987
BA25,5.5,5.8562,0.3562000000000003
BA25,5.5,5.929399999999999,0.42939999999999934
BA25,5.5,6.2154,0.7153999999999998
BA25,5.5,5.7344,0.23439999999999994
BA25,5.5,6.394199999999999,0.8941999999999988
BA25,5.5,6.022399999999999,0.5223999999999993
BA25,5.5,6.284999999999999,0.7849999999999993
BA25,5.5,6.1004,0.6003999999999996
BA25,5.5,6.046399999999999,0.5463999999999993
BA25,5.5,5.910399999999999,0.4103999999999992
BA26,6.5,6.676,0.17600000000000016
BA26,6.5,6.578,0.07800000000000029
BA26,6.5,6.5122,0.012199999999999989
BA26,6.5,6.901800000000001,0.4018000000000006
BA26,6.5,6.539200000000001,0.03920000000000101
BA27,7.5,7.051799999999999,-0.4482000000000008
BA27,7.5,7.108599999999999,-0.39140000000000086
BA27,7.5,7.362599999999999,-0.1374000000000013
BA27,7.5,7.338199999999999,-0.16180000000000128
BA28,5.5,6.683,1.1829999999999998
BA28,5.5,6.0538,0.5537999999999998
BA28,5.5,5.7098,0.20980000000000043
BA28,5.5,5.918,0.41800000000000015
BA28,5.5,6.146,0.6459999999999999
BA29,6.5,6.4883999999999995,-0.011600000000000499
BA29,6.5,6.6053999999999995,0.1053999999999995
BA29,6.5,6.764399999999999,0.2643999999999993
BA29,6.5,6.7264,0.22639999999999993
BA29,6.5,6.5927999999999995,0.09279999999999955
BA29,6.5,6.626,0.12600000000000033
BA29,6.5,6.650199999999999,0.150199999999999
BA29,6.5,6.474,-0.0259999999999998
BA29,6.5,6.5207999999999995,0.020799999999999486
BA29,6.5,6.7254,0.2253999999999996
BA29,6.5,6.4403999999999995,-0.05960000000000054
BA29,6.5,6.578199999999999,0.07819999999999894
BA29,6.5,6.556,0.05600000000000005
BA30,6.0,6.279599999999999,0.2795999999999994
BA30,6.0,6.223,0.22299999999999986
BA30,6.0,6.18,0.17999999999999972
BA30,6.0,6.4528,0.45279999999999987
BA30,6.0,6.107399999999999,0.10739999999999927
BA30,6.0,6.3724,0.37239999999999984
BA30,6.0,6.216,0.2160000000000002
BA30,6.0,6.115,0.11500000000000021
BA30,6.0,6.195399999999999,0.19539999999999935
BA31,6.5,6.666399999999999,0.16639999999999944
BA31,6.5,6.593,0.09299999999999997
BA31,6.5,6.585799999999999,0.08579999999999899
BA31,6.5,6.6038,0.10379999999999967
BA31,6.5,6.429,-0.07099999999999973
BA31,6.5,6.3932,-0.10679999999999978
BA32,6.0,6.483799999999998,0.4837999999999978
BA32,6.0,6.4827999999999975,0.48279999999999745
BA32,6.0,6.565999999999999,0.565999999999999
BA32,6.0,6.602399999999999,0.6023999999999994
BA32,6.0,6.398599999999998,0.3985999999999983
BA32,6.0,6.265599999999998,0.2655999999999983
BA32,6.0,6.373,0.3730000000000002
BA32,6.0,6.655199999999999,0.6551999999999989
BA33,7.5,7.105,-0.3949999999999996
BA33,7.5,7.0592,-0.4408000000000003
BA33,7.5,6.953,-0.5469999999999997
BA33,7.5,7.073,-0.4269999999999996
BA33,7.5,6.8427999999999995,-0.6572000000000005
BA33,7.5,6.975999999999998,-0.5240000000000018
BA33,7.5,6.826799999999999,-0.6732000000000014
BA33,7.5,6.809200000000001,-0.6907999999999994
BA34,7.0,6.909,-0.09100000000000019
BA34,7.0,6.8722,-0.1277999999999997
BA34,7.0,6.636199999999999,-0.36380000000000123
BA34,7.0,6.918399999999999,-0.08160000000000078
BA36,6.0,6.5454,0.5453999999999999
BA36,6.0,6.6457999999999995,0.6457999999999995
BA36,6.0,6.5238000000000005,0.5238000000000005
BA36,6.0,6.2528,0.2527999999999997
BA36,6.0,6.639799999999999,0.6397999999999993
BA36,6.0,6.513799999999999,0.5137999999999989
BA36,6.0,6.3864,0.3864000000000001
BA37,7.0,6.968,-0.03200000000000003
BA37,7.0,6.96,-0.040000000000000036
BA37,7.0,6.931,-0.06899999999999995
BA37,7.0,6.968,-0.03200000000000003
BA37,7.0,6.923,-0.07699999999999996
BA37,7.0,6.9274,-0.07260000000000044
BA37,7.0,6.883,-0.11699999999999999
BA38,7.5,7.3966,-0.10339999999999971
BA38,7.5,6.785399999999999,-0.7146000000000008
BA38,7.5,7.0486,-0.4513999999999996
BA38,7.5,7.3922,-0.10780000000000012
BA38,7.5,7.1198,-0.3802000000000003
BA38,7.5,7.198,-0.3019999999999996
BA39,7.0,6.774199999999999,-0.22580000000000133
BA39,7.0,6.8187999999999995,-0.18120000000000047
BA39,7.0,6.902399999999999,-0.0976000000000008
BA39,7.0,6.691799999999999,-0.30820000000000114
BA39,7.0,6.805,-0.19500000000000028
BA39,7.0,6.611,-0.38900000000000023
BA39,7.0,6.7134,-0.28659999999999997
BA42,8.5,8.139,-0.36100000000000065
BA42,8.5,7.874,-0.6260000000000003
BA42,8.5,6.836200000000001,-1.6637999999999993
BA42,8.5,8.131,-0.3689999999999998
BA42,8.5,7.691799999999999,-0.8082000000000011
BA42,8.5,7.3354,-1.1646
BA42,8.5,6.596799999999999,-1.903200000000001
BA42,8.5,8.241,-0.25900000000000034
BA42,8.5,8.149199999999999,-0.35080000000000133
BA42,8.5,8.288,-0.21199999999999974
BA43,7.0,6.865200000000001,-0.13479999999999936
BA43,7.0,6.7524,-0.24760000000000026
BA43,7.0,6.842200000000001,-0.15779999999999905
BA43,7.0,6.7294,-0.27059999999999995
BA43,7.0,6.789199999999999,-0.21080000000000076
BA44,7.5,7.058799999999999,-0.44120000000000115
BA44,7.5,6.789999999999999,-0.7100000000000009
BA44,7.5,7.333399999999999,-0.16660000000000075
BA44,7.5,7.089799999999999,-0.41020000000000056
BA44,7.5,7.229,-0.2709999999999999
BA44,7.5,6.8114,-0.6886000000000001
BA46,6.0,6.3054,0.30539999999999967
BA46,6.0,6.3313999999999995,0.3313999999999995
BA46,6.0,6.5504,0.5503999999999998
BA46,6.0,6.685,0.6849999999999996
BA46,6.0,6.455199999999999,0.4551999999999987
BA46,6.0,6.5668,0.5667999999999997
BA46,6.0,6.5378,0.5377999999999998
BA47,7.0,6.7143999999999995,-0.2856000000000005
BA47,7.0,6.737,-0.2629999999999999
BA47,7.0,6.7734,-0.22660000000000036
BA47,7.0,6.804399999999999,-0.19560000000000066
BA47,7.0,6.841,-0.1589999999999998
BA47,7.0,6.95,-0.04999999999999982
BA47,7.0,6.747799999999999,-0.2522000000000011
BA48,6.0,6.2631999999999985,0.26319999999999855
BA48,6.0,6.211799999999999,0.21179999999999932
BA48,6.0,6.6676,0.6676000000000002
BA48,6.0,6.348799999999999,0.3487999999999989
BA48,6.0,6.470199999999999,0.4701999999999993
BA48,6.0,6.4308000000000005,0.4308000000000005
BA48,6.0,6.817799999999999,0.8177999999999992
BA48,6.0,6.623399999999999,0.6233999999999993
BA48,6.0,6.344799999999999,0.34479999999999933
BA48,6.0,6.2536,0.2535999999999996
BA48,6.0,6.6974,0.6974
BA49,6.0,6.260800000000001,0.2608000000000006
BA49,6.0,6.152,0.15200000000000014
BA49,6.0,6.372199999999999,0.3721999999999994
BA49,6.0,6.610799999999998,0.6107999999999976
BA49,6.0,6.661599999999999,0.6615999999999991
BA49,6.0,6.4918,0.49179999999999957
BA49,6.0,6.2555999999999985,0.2555999999999985
BA49,6.0,6.3304,0.3304
BA50,7.0,6.560599999999998,-0.4394000000000018
BA50,7.0,6.8702000000000005,-0.12979999999999947
BA50,7.0,6.835599999999999,-0.16440000000000143
BA50,7.0,6.641199999999999,-0.35880000000000134
BA50,7.0,6.8704,-0.12959999999999994
BA50,7.0,6.7703999999999995,-0.22960000000000047
BA50,7.0,6.940599999999995,-0.05940000000000456
BA50,7.0,6.517399999999999,-0.4826000000000006
BA51,6.0,6.458,0.4580000000000002
BA51,6.0,6.373,0.3730000000000002
BA52,6.0,6.6118,0.6117999999999997
BA52,6.0,6.233,0.23299999999999965
BA52,6.0,6.3454,0.3453999999999997
BA52,6.0,6.247,0.2469999999999999
BA52,6.0,6.461199999999999,0.46119999999999894
BA52,6.0,6.5288,0.5288000000000004
BA52,6.0,6.2231999999999985,0.2231999999999985
BA52,6.0,6.578999999999999,0.5789999999999988
BA52,6.0,6.363,0.36300000000000043
BA52,6.0,6.268999999999999,0.26899999999999924
BA53,7.0,6.8262,-0.17379999999999995
BA53,7.0,6.743,-0.2569999999999997
BA53,7.0,6.8784,-0.12159999999999993
BA53,7.0,6.950799999999999,-0.0492000000000008
BA53,7.0,6.921199999999999,-0.07880000000000109
BA56,5.0,6.2581999999999995,1.2581999999999995
BA56,5.0,6.310599999999999,1.310599999999999
BA56,5.0,6.4074,1.4074
BA56,5.0,5.7822,0.7821999999999996
BA56,5.0,6.102,1.1020000000000003
BA57,7.0,6.705199999999999,-0.2948000000000013
BA57,7.0,6.742199999999999,-0.25780000000000136
BA57,7.0,6.964199999999999,-0.03580000000000094
BA57,7.0,6.548,-0.45199999999999996
BA57,7.0,6.758799999999999,-0.24120000000000097
BA57,7.0,6.819799999999998,-0.18020000000000191
BA58,6.5,6.7303999999999995,0.2303999999999995
BA58,6.5,6.593399999999999,0.09339999999999904
BA58,6.5,6.6693999999999996,0.16939999999999955
BA58,6.5,6.6574,0.15739999999999998
BA58,6.5,6.777,0.27700000000000014
BA58,6.5,6.6857999999999995,0.18579999999999952
BA58,6.5,6.6494,0.14939999999999998
BA58,6.5,6.677599999999999,0.1775999999999991
BA58,6.5,6.699,0.19899999999999984
BA59,7.0,6.8172,-0.1828000000000003
BA59,7.0,7.045599999999997,0.045599999999996754
BA59,7.0,6.7711999999999986,-0.22880000000000145
BA59,7.0,6.677399999999998,-0.3226000000000022
BA59,7.0,6.5127999999999995,-0.4872000000000005
BA60,5.5,5.889,0.38900000000000023
BA60,5.5,5.929399999999999,0.42939999999999934
BA60,5.5,5.888,0.3879999999999999
BA60,5.5,6.357799999999999,0.8577999999999992
BA60,5.5,6.5786,1.0785999999999998
BA60,5.5,6.4306,0.9306000000000001
BA60,5.5,6.167,0.6669999999999998
BA60,5.5,5.886,0.3860000000000001
BA60,5.5,6.521799999999999,1.021799999999999
BA60,5.5,6.3132,0.8132000000000001
BA61,7.5,7.3534,-0.14660000000000029
BA61,7.5,7.3194,-0.1806000000000001
BA61,7.5,6.8704,-0.6295999999999999
BA61,7.5,7.119199999999998,-0.3808000000000016
BA61,7.5,7.3744,-0.12560000000000038
BA61,7.5,7.208399999999999,-0.29160000000000075
BA62,6.0,6.341,0.3410000000000002
BA62,6.0,6.2421999999999995,0.24219999999999953
BA62,6.0,6.732399999999999,0.7323999999999993
BA62,6.0,6.4894,0.48939999999999984
BA62,6.0,6.337,0.33699999999999974
BA62,6.0,6.413,0.41300000000000026
BA62,6.0,6.628199999999998,0.6281999999999979
BA63,7.0,6.8347999999999995,-0.16520000000000046
BA63,7.0,6.929399999999999,-0.07060000000000066
BA63,7.0,6.968199999999998,-0.03180000000000227
BA63,7.0,6.9565999999999955,-0.043400000000004546
BA63,7.0,7.0201999999999956,0.020199999999995555
BA63,7.0,6.9502,-0.04980000000000029
BA63,7.0,6.892999999999998,-0.10700000000000198
BA63,7.0,6.8914,-0.10860000000000003
BA64,7.0,6.872,-0.1280000000000001
BA64,7.0,6.887,-0.11300000000000043
BA64,7.0,6.842599999999999,-0.15740000000000087
BA64,7.0,6.869,-0.13100000000000023
BA64,7.0,6.863999999999999,-0.136000000000001
BA64,7.0,6.9037999999999995,-0.09620000000000051
BA64,7.0,6.855799999999999,-0.14420000000000144
BA64,7.0,6.7302,-0.26980000000000004
BA65,8.0,7.1114,-0.8886000000000003
BA65,8.0,7.852399999999999,-0.14760000000000062
BA65,8.0,7.819,-0.18100000000000005
BA65,8.0,7.717199999999999,-0.28280000000000083
BA65,8.0,7.296799999999998,-0.7032000000000016
BA65,8.0,7.649199999999999,-0.35080000000000133
BA65,8.0,7.7364,-0.2636000000000003
BA66,7.0,6.981,-0.019000000000000128
BA66,7.0,6.975,-0.025000000000000355
BA66,7.0,6.808,-0.19200000000000017
BA66,7.0,6.944,-0.05600000000000005
BA66,7.0,7.0054,0.005399999999999849
BA66,7.0,6.861,-0.13900000000000023
BA66,7.0,6.9914,-0.008600000000000385
BA68,6.0,6.356799999999999,0.3567999999999989
BA68,6.0,6.346799999999999,0.3467999999999991
BA68,6.0,6.6458,0.6458000000000004
BA68,6.0,6.209,0.20899999999999963
BA68,6.0,6.163399999999999,0.16339999999999932
BA69,6.0,6.4012,0.4012000000000002
BA69,6.0,6.082,0.08199999999999985
BA69,6.0,6.1494,0.14939999999999998
BA69,6.0,6.4124,0.4123999999999999
BA69,6.0,6.01,0.009999999999999787
BA69,6.0,6.1358,0.1357999999999997
BA69,6.0,6.4634,0.46340000000000003
BA69,6.0,6.3016,0.30159999999999965
BA70,5.0,5.6296,0.6295999999999999
BA70,5.0,6.0278,1.0278
BA70,5.0,7.081799999999998,2.0817999999999977
BA71,7.0,6.933999999999998,-0.06600000000000161
BA71,7.0,6.994399999999999,-0.00560000000000116
BA71,7.0,6.532799999999998,-0.46720000000000184
BA71,7.0,6.690799999999995,-0.309200000000005
BA71,7.0,6.340999999999998,-0.6590000000000016
BA71,7.0,6.511599999999998,-0.48840000000000217
BA71,7.0,6.787799999999999,-0.21220000000000105
BA72,8.0,6.489799999999999,-1.510200000000001
BA72,8.0,7.661199999999999,-0.3388000000000009
BA72,8.0,7.885,-0.11500000000000021
BA72,8.0,7.9144,-0.08560000000000034
BA72,8.0,7.885,-0.11500000000000021
BA72,8.0,7.767,-0.23299999999999965
BA73,6.0,6.612199999999999,0.6121999999999987
BA73,6.0,6.24,0.2400000000000002
BA73,6.0,6.2764,0.27639999999999976
BA73,6.0,6.497999999999999,0.49799999999999933
BA73,6.0,6.5542,0.5541999999999998
BA73,6.0,6.420799999999999,0.42079999999999895
BA74,7.5,7.1304,-0.36960000000000015
BA74,7.5,6.8405999999999985,-0.6594000000000015
BA74,7.5,7.1088000000000005,-0.39119999999999955
BA74,7.5,7.1138,-0.38619999999999965
BA74,7.5,7.1164,-0.3836000000000004
BA74,7.5,7.0502,-0.44979999999999976
BA74,7.5,6.717999999999999,-0.7820000000000009
BA74,7.5,7.0746,-0.4253999999999998
BA74,7.5,6.9764,-0.5236000000000001
BA75,7.5,6.7383999999999995,-0.7616000000000005
BA75,7.5,7.3864,-0.11359999999999992
BA75,7.5,6.6794,-0.8205999999999998
BA75,7.5,7.175999999999999,-0.32400000000000073
BA75,7.5,7.056199999999999,-0.4438000000000013
BA75,7.5,6.7258,-0.7742000000000004
BA75,7.5,6.6968000000000005,-0.8031999999999995
BA75,7.5,7.2396,-0.26039999999999974
BA75,7.5,6.8759999999999994,-0.6240000000000006
BA76,6.5,6.717,0.21699999999999964
BA76,6.5,6.692799999999999,0.1927999999999992
BA76,6.5,6.746199999999999,0.2461999999999991
BA76,6.5,6.610399999999999,0.11039999999999939
BA76,6.5,6.6334,0.13339999999999996
BA76,6.5,6.755,0.2549999999999999
BA77,6.0,6.1668,0.16680000000000028
BA77,6.0,6.4514,0.4513999999999996
BA77,6.0,6.644799999999999,0.6447999999999992
BA77,6.0,6.3344,0.3343999999999996
BA77,6.0,6.3544,0.35440000000000005
BA78,7.0,6.643999999999998,-0.35600000000000165
BA78,7.0,6.835199999999999,-0.1648000000000014
BA78,7.0,6.8792,-0.12080000000000002
BA78,7.0,6.582,-0.41800000000000015
BA78,7.0,6.8102,-0.18979999999999997
BA78,7.0,6.633799999999999,-0.36620000000000097
BA79,7.0,6.695399999999999,-0.30460000000000065
BA79,7.0,6.821999999999999,-0.17800000000000082
BA79,7.0,6.779599999999999,-0.2204000000000006
BA79,7.0,6.716399999999999,-0.28360000000000074
BA79,7.0,6.818,-0.18200000000000038
BA79,7.0,6.875,-0.125
BA79,7.0,6.888,-0.1120000000000001
BA79,7.0,6.869,-0.13100000000000023
BA79,7.0,6.96,-0.040000000000000036
BA80,7.0,6.852399999999999,-0.14760000000000062
BA80,7.0,6.873799999999999,-0.12620000000000076
BA80,7.0,6.84,-0.16000000000000014
BA80,7.0,6.882199999999999,-0.11780000000000079
BA80,7.0,6.894399999999999,-0.1056000000000008
BA81,6.0,6.203,0.2030000000000003
BA81,6.0,6.196,0.19599999999999973
BA81,6.0,6.2338000000000005,0.23380000000000045
BA81,6.0,6.2654,0.26539999999999964
BA81,6.0,6.271,0.2709999999999999
BA81,6.0,6.687599999999999,0.6875999999999989
BA81,6.0,6.709999999999999,0.7099999999999991
BA82,8.0,7.0004,-0.9996
BA82,8.0,7.472599999999998,-0.5274000000000019
BA82,8.0,6.876799999999999,-1.1232000000000006
BA82,8.0,7.065599999999992,-0.9344000000000081
BA82,8.0,7.0376,-0.9623999999999997
BA82,8.0,7.2422,-0.7577999999999996
BA83,5.0,5.538600000000001,0.5386000000000006
BA83,5.0,5.3504,0.3503999999999996
BA83,5.0,5.175800000000001,0.17580000000000062
BA83,5.0,5.7268,0.7267999999999999
BA83,5.0,5.623199999999999,0.6231999999999989
BA83,5.0,5.7622,0.7622
BA83,5.0,5.6704,0.6703999999999999
BA83,5.0,5.7,0.7000000000000002
BA83,5.0,5.929799999999999,0.9297999999999993
BA84,7.0,7.123399999999996,0.12339999999999574
BA84,7.0,7.006399999999994,0.006399999999993966
BA84,7.0,7.060799999999992,0.060799999999992416
BA84,7.0,6.898999999999997,-0.10100000000000264
BA84,7.0,6.779599999999996,-0.22040000000000415
BA84,7.0,6.784399999999998,-0.215600000000002
BA84,7.0,6.766599999999997,-0.23340000000000316
BA84,7.0,6.769799999999997,-0.23020000000000262
BA84,7.0,6.6126,-0.3874000000000004
BA84,7.0,6.947,-0.052999999999999936
BA84,7.0,6.800999999999999,-0.19900000000000073
BA84,7.0,6.6944,-0.3056000000000001
BA84,7.0,6.895599999999996,-0.1044000000000036
BA85,7.0,6.637999999999998,-0.3620000000000019
BA85,7.0,6.659,-0.3410000000000002
BA85,7.0,7.035599999999996,0.03559999999999608
BA85,7.0,6.9254,-0.07460000000000022
BA85,7.0,6.848799999999999,-0.1512000000000011
BA85,7.0,6.7824,-0.21760000000000002
BA85,7.0,7.151599999999999,0.1515999999999993
BA86,6.5,6.5034,0.0034000000000000696
BA86,6.5,6.5404,0.04039999999999999
BA86,6.5,6.543799999999999,0.04379999999999917
BA86,6.5,6.621999999999999,0.121999999999999
BA86,6.5,6.967199999999999,0.46719999999999917
BA87,6.0,6.208199999999998,0.20819999999999794
BA87,6.0,6.329599999999999,0.3295999999999992
BA87,6.0,6.185399999999998,0.1853999999999978
BA87,6.0,6.269399999999999,0.2693999999999992
BA87,6.0,6.283599999999999,0.28359999999999896
BA87,6.0,6.564799999999999,0.5647999999999991
BA87,6.0,6.3622000000000005,0.3622000000000005
BA89,8.0,7.074199999999997,-0.9258000000000033
BA89,8.0,7.734199999999998,-0.26580000000000226
BA89,8.0,7.898999999999999,-0.10100000000000087
BA89,8.0,7.7677999999999985,-0.23220000000000152
BA89,8.0,7.9357999999999995,-0.06420000000000048
BA89,8.0,7.649399999999999,-0.3506000000000009
BA90,7.0,6.7143999999999995,-0.2856000000000005
BA90,7.0,6.8984,-0.10160000000000036
BA90,7.0,6.9974,-0.0026000000000001577
BA90,7.0,6.8884,-0.11160000000000014
BA90,7.0,6.96,-0.040000000000000036
BA1,7.0,6.527399999999999,-0.4726000000000008
BA1,7.0,6.555,-0.4450000000000003
BA1,7.0,6.793399999999999,-0.20660000000000078
BA1,7.0,6.376,-0.6239999999999997
BA1,7.0,6.5973999999999995,-0.4026000000000005
BA1,7.0,6.7448,-0.2552000000000003
BA1,7.0,6.701,-0.2990000000000004
BA1,7.0,6.6934,-0.3066000000000004
BA2,7.0,6.706200000000001,-0.2937999999999992
BA2,7.0,6.6514,-0.34860000000000024
BA2,7.0,6.977,-0.022999999999999687
BA2,7.0,6.9306,-0.0693999999999999
BA2,7.0,7.115799999999999,0.11579999999999924
BA3,7.0,6.718799999999999,-0.281200000000001
BA3,7.0,6.728599999999999,-0.27140000000000075
BA3,7.0,7.013,0.0129999999999999
BA3,7.0,6.7764,-0.22360000000000024
BA4,8.0,7.3481999999999985,-0.6518000000000015
BA4,8.0,7.5968,-0.4032
BA4,8.0,7.521999999999999,-0.47800000000000065
BA4,8.0,7.7288,-0.27120000000000033
BA4,8.0,7.512599999999999,-0.48740000000000094
BA4,8.0,7.615399999999999,-0.3846000000000007
BA4,8.0,7.330599999999999,-0.6694000000000013
BA4,8.0,7.425799999999999,-0.5742000000000012
BA4,8.0,7.309799999999999,-0.6902000000000008
BA4,8.0,7.063,-0.9370000000000003
BA5,6.0,6.6804,0.6803999999999997
BA5,6.0,6.460799999999999,0.460799999999999
BA5,6.0,6.1248000000000005,0.12480000000000047
BA5,6.0,6.169,0.1689999999999996
BA5,6.0,6.804,0.8040000000000003
BA5,6.0,6.110399999999999,0.11039999999999939
BA5,6.0,6.134399999999999,0.1343999999999994
BA6,8.0,7.1983999999999995,-0.8016000000000005
BA6,8.0,7.751799999999999,-0.24820000000000064
BA6,8.0,7.211,-0.7889999999999997
BA6,8.0,6.9108,-1.0892
BA6,8.0,7.2074,-0.7926000000000002
BA6,8.0,7.8553999999999995,-0.1446000000000005
BA6,8.0,6.7204,-1.2796000000000003
BA6,8.0,7.288399999999999,-0.7116000000000007
BA6,8.0,6.96,-1.04
BA7,6.0,6.205,0.20500000000000007
BA7,6.0,6.083,0.08300000000000018
BA7,6.0,6.022,0.02200000000000024
BA7,6.0,6.044,0.043999999999999595
BA7,6.0,6.2,0.20000000000000018
BA7,6.0,6.057,0.057000000000000384
BA7,6.0,6.144,0.14400000000000013
BA7,6.0,6.192,0.19200000000000017
BA7,6.0,6.028,0.02799999999999958
BA7,6.0,6.265,0.2649999999999997
BA7,6.0,6.129,0.12899999999999956
BA8,7.0,6.878599999999999,-0.12140000000000128
BA8,7.0,6.974,-0.0259999999999998
BA8,7.0,7.081199999999999,0.08119999999999905
BA8,7.0,7.086999999999998,0.08699999999999797
BA8,7.0,6.934799999999999,-0.06520000000000081
BA8,7.0,7.1237999999999975,0.12379999999999747
BA8,7.0,7.0821999999999985,0.0821999999999985
BA8,7.0,7.027999999999999,0.027999999999998693
BA8,7.0,7.0076,0.007600000000000051
BA9,8.0,7.289199999999999,-0.7108000000000008
BA9,8.0,7.299599999999999,-0.700400000000001
BA9,8.0,6.8016000000000005,-1.1983999999999995
BA9,8.0,7.162999999999997,-0.8370000000000033
BA9,8.0,7.323399999999999,-0.6766000000000014
BA9,8.0,7.291199999999998,-0.7088000000000019
BA9,8.0,7.448599999999996,-0.5514000000000037
BA11,6.0,6.409,0.4089999999999998
BA11,6.0,6.439799999999999,0.4397999999999991
BA11,6.0,6.2024,0.2023999999999999
BA11,6.0,6.252,0.2519999999999998
BA11,6.0,6.1373999999999995,0.13739999999999952
BA11,6.0,6.356,0.35599999999999987
BA11,6.0,6.428,0.42799999999999994
BA11,6.0,6.636799999999999,0.6367999999999991
BA11,6.0,6.299,0.2990000000000004
BA11,6.0,6.359799999999999,0.359799999999999
BA12,7.0,6.3884,-0.6116000000000001
BA12,7.0,6.663600000000001,-0.33639999999999937
BA12,7.0,6.466,-0.5339999999999998
BA12,7.0,6.5818,-0.4181999999999997
BA12,7.0,6.700799999999999,-0.2992000000000008
BA12,7.0,6.6124,-0.38759999999999994
BA12,7.0,6.574,-0.42600000000000016
BA12,7.0,6.6968000000000005,-0.30319999999999947
BA13,7.0,7.073599999999997,0.07359999999999722
BA13,7.0,6.953999999999998,-0.04600000000000204
BA13,7.0,7.039,0.0389999999999997
BA13,7.0,6.946599999999998,-0.05340000000000167
BA13,7.0,6.835799999999999,-0.164200000000001
BA13,7.0,6.887199999999999,-0.1128000000000009
BA13,7.0,6.997,-0.0030000000000001137
BA13,7.0,6.877999999999999,-0.12200000000000077
BA13,7.0,6.966799999999999,-0.033200000000000784
BA13,7.0,7.042599999999998,0.04259999999999842
BA14,7.0,6.946399999999989,-0.05360000000001097
BA14,7.0,7.033999999999998,0.03399999999999803
BA14,7.0,7.1377999999999995,0.13779999999999948
BA14,7.0,6.8992,-0.10079999999999956
BA14,7.0,6.8836,-0.11639999999999961
BA14,7.0,7.135199999999991,0.13519999999999133
BA14,7.0,6.786999999999998,-0.21300000000000185
BA14,7.0,6.6084,-0.3916000000000004
BA14,7.0,6.9272,-0.07279999999999998
BA14,7.0,7.083599999999997,0.08359999999999701
BA15,7.0,7.041999999999998,0.04199999999999804
BA15,7.0,7.108599999999999,0.10859999999999914
BA15,7.0,7.081199999999999,0.08119999999999905
BA15,7.0,7.054999999999999,0.05499999999999883
BA15,7.0,7.0587999999999935,0.058799999999993524
BA15,7.0,6.8846,-0.11540000000000017
BA15,7.0,6.681999999999999,-0.3180000000000014
BA15,7.0,7.4814,0.48139999999999983
BA17,6.5,6.557599999999999,0.057599999999998985
BA17,6.5,6.702799999999999,0.20279999999999898
BA17,6.5,6.571,0.07099999999999973
BA17,6.5,6.501600000000001,0.001600000000000712
BA17,6.5,6.433799999999999,-0.06620000000000115
BA17,6.5,6.5248,0.024799999999999933
BA18,7.5,7.061199999999999,-0.4388000000000014
BA18,7.5,7.117799999999999,-0.382200000000001
BA18,7.5,6.8744,-0.6256000000000004
BA18,7.5,6.897600000000001,-0.6023999999999994
BA18,7.5,6.740799999999999,-0.7592000000000008
BA18,7.5,6.6888,-0.8112000000000004
BA18,7.5,7.1415999999999995,-0.3584000000000005
BA18,7.5,7.1558,-0.34419999999999984
BA18,7.5,6.823799999999999,-0.6762000000000006
BA18,7.5,7.0901999999999985,-0.4098000000000015
BA19,7.5,6.622,-0.8780000000000001
BA19,7.5,6.7154,-0.7846000000000002
BA19,7.5,6.957200000000001,-0.5427999999999988
BA19,7.5,7.209799999999998,-0.29020000000000223
BA19,7.5,7.131599999999999,-0.36840000000000117
BA19,7.5,7.1499999999999995,-0.35000000000000053
BA20,6.0,6.277,0.27700000000000014
BA20,6.0,6.1244,0.12439999999999962
BA20,6.0,6.6568000000000005,0.6568000000000005
BA20,6.0,6.6486,0.6486000000000001
BA21,7.5,6.889399999999999,-0.6106000000000007
BA21,7.5,7.094,-0.4059999999999997
BA21,7.5,7.0664,-0.4336000000000002
BA21,7.5,6.607600000000001,-0.8923999999999994
BA21,7.5,6.979799999999999,-0.5202000000000009
BA21,7.5,7.1896,-0.31039999999999957
BA21,7.5,7.1176,-0.38239999999999963
BA22,7.2,6.700399999999989,-0.4996000000000116
BA22,7.2,6.991199999999985,-0.2088000000000152
BA22,7.2,7.062399999999996,-0.13760000000000439
BA22,7.2,7.002799999999986,-0.1972000000000138
BA22,7.2,7.088599999999976,-0.11140000000002459
BA22,7.2,7.020399999999987,-0.17960000000001308
BA23,6.0,6.753999999999998,0.7539999999999978
BA23,6.0,6.7795999999999985,0.7795999999999985
BA23,6.0,6.522199999999999,0.5221999999999989
BA23,6.0,6.7739999999999965,0.7739999999999965
BA24,6.0,6.708,0.7080000000000002
BA24,6.0,6.034,0.03399999999999981
BA24,6.0,6.302,0.3019999999999996
BA24,6.0,6.075,0.07500000000000018
BA24,6.0,6.099,0.0990000000000002
BA24,6.0,6.043,0.04300000000000015
BA24,6.0,6.044,0.043999999999999595
BA24,6.0,6.121,0.12100000000000044
BA24,6.0,6.069,0.06899999999999995
BA24,6.0,6.176,0.17600000000000016
BA25,5.5,5.6494,0.14939999999999998
BA25,5.5,5.7467999999999995,0.24679999999999946
BA25,5.5,5.6644,0.16439999999999966
BA25,5.5,5.7408,0.24080000000000013
BA25,5.5,6.8358,1.3357999999999999
BA25,5.5,6.0164,0.5164
BA26,6.5,6.599399999999999,0.09939999999999927
BA26,6.5,6.624599999999999,0.12459999999999916
BA26,6.5,6.784800000000001,0.2848000000000006
BA27,7.5,7.096599999999998,-0.4034000000000022
BA27,7.5,6.7574,-0.7426000000000004
BA27,7.5,7.208599999999999,-0.2914000000000012
BA28,5.5,5.915,0.41500000000000004
BA28,5.5,6.3784,0.8784000000000001
BA28,5.5,6.91,1.4100000000000001
BA28,5.5,5.7984,0.2984
BA29,6.5,6.501,0.001000000000000334
BA29,6.5,6.441799999999999,-0.05820000000000114
BA29,6.5,6.594,0.0940000000000003
BA29,6.5,6.544199999999999,0.04419999999999913
BA29,6.5,6.4886,-0.011400000000000077
BA29,6.5,6.467,-0.03300000000000036
BA29,6.5,6.5934,0.09339999999999993
BA29,6.5,6.6452,0.1452
BA29,6.5,6.437600000000001,-0.062399999999999345
BA30,6.0,6.535799999999999,0.5357999999999992
BA30,6.0,6.286,0.2859999999999996
BA30,6.0,6.2063999999999995,0.20639999999999947
BA31,6.5,6.5001999999999995,0.00019999999999953388
BA31,6.5,6.585799999999999,0.08579999999999899
BA31,6.5,6.5926,0.09260000000000002
BA31,6.5,6.526800000000001,0.0268000000000006
BA31,6.5,6.708,0.20800000000000018
BA31,6.5,6.709,0.20899999999999963
BA32,6.0,6.287799999999999,0.28779999999999895
BA32,6.0,6.7996,0.7995999999999999
BA32,6.0,6.6572,0.6571999999999996
BA32,6.0,6.296199999999999,0.2961999999999989
BA32,6.0,6.695399999999999,0.6953999999999994
BA32,6.0,6.207799999999999,0.20779999999999887
BA33,7.5,7.319,-0.18100000000000005
BA33,7.5,6.8678,-0.6322000000000001
BA33,7.5,6.451999999999999,-1.048000000000001
BA33,7.5,6.831999999999998,-0.6680000000000019
BA33,7.5,6.640199999999999,-0.8598000000000008
BA33,7.5,7.041600000000001,-0.45839999999999925
BA33,7.5,6.906199999999999,-0.5938000000000008
BA34,7.0,6.823,-0.1769999999999996
BA34,7.0,6.864599999999999,-0.13540000000000063
BA34,7.0,6.773,-0.2270000000000003
BA35,6.5,6.42,-0.08000000000000007
BA35,6.5,6.3633999999999995,-0.1366000000000005
BA35,6.5,6.396,-0.10400000000000009
BA36,6.0,6.5131999999999985,0.5131999999999985
BA36,6.0,6.676599999999999,0.6765999999999988
BA36,6.0,6.5542,0.5541999999999998
BA37,7.0,6.8104,-0.18960000000000043
BA37,7.0,6.872,-0.1280000000000001
BA37,7.0,6.9794,-0.02059999999999995
BA37,7.0,6.95,-0.04999999999999982
BA37,7.0,6.985,-0.01499999999999968
BA37,7.0,6.812399999999999,-0.18760000000000066
BA37,7.0,6.852399999999999,-0.14760000000000062
BA37,7.0,6.928,-0.07200000000000006
BA37,7.0,6.874,-0.12600000000000033
BA37,7.0,6.8304,-0.16959999999999997
BA38,7.5,7.259399999999998,-0.24060000000000237
BA38,7.5,7.259599999999999,-0.24040000000000106
BA38,7.5,7.309199999999999,-0.1908000000000012
BA38,7.5,7.266599999999997,-0.23340000000000316
BA38,7.5,7.187,-0.3129999999999997
BA38,7.5,7.2338,-0.26620000000000044
BA38,7.5,7.3544,-0.14559999999999995
BA39,7.0,6.8668,-0.13320000000000043
BA39,7.0,6.8748000000000005,-0.12519999999999953
BA39,7.0,6.768599999999998,-0.2314000000000016
BA39,7.0,7.12,0.1200000000000001
BA39,7.0,7.0573999999999995,0.05739999999999945
BA42,8.5,7.8793999999999995,-0.6206000000000005
BA42,8.5,8.0352,-0.4648000000000003
BA42,8.5,8.298399999999999,-0.2016000000000009
BA42,8.5,8.207799999999999,-0.2922000000000011
BA42,8.5,7.888799999999999,-0.6112000000000011
BA43,7.0,6.811199999999999,-0.1888000000000014
BA43,7.0,6.7614,-0.23859999999999992
BA43,7.0,6.847600000000001,-0.1523999999999992
BA43,7.0,6.7387999999999995,-0.26120000000000054
BA43,7.0,6.865399999999999,-0.13460000000000072
BA43,7.0,6.7426,-0.25739999999999963
BA43,7.0,6.6724,-0.32760000000000034
BA43,7.0,6.796799999999999,-0.2032000000000007
BA43,7.0,6.804399999999996,-0.19560000000000421
BA43,7.0,6.733999999999998,-0.2660000000000018
BA43,7.0,6.833200000000001,-0.1667999999999994
BA43,7.0,6.706,-0.2939999999999996
BA44,7.5,7.127,-0.3730000000000002
BA44,7.5,7.069799999999999,-0.430200000000001
BA44,7.5,7.2838,-0.21619999999999973
BA44,7.5,7.317,-0.18299999999999983
BA44,7.5,6.910199999999999,-0.5898000000000012
BA44,7.5,7.186,-0.31400000000000006
BA44,7.5,7.2234,-0.2766000000000002
BA44,7.5,7.020599999999998,-0.4794000000000018
BA44,7.5,7.2264,-0.27360000000000007
BA44,7.5,7.0474,-0.45260000000000034
BA44,7.5,7.0324,-0.4676
BA46,6.0,6.234,0.23399999999999999
BA46,6.0,7.2551999999999985,1.2551999999999985
BA46,6.0,6.358,0.35799999999999965
BA46,6.0,6.2874,0.2873999999999999
BA46,6.0,6.6304,0.6303999999999998
BA46,6.0,6.519,0.5190000000000001
BA46,6.0,6.631199999999999,0.6311999999999989
BA46,6.0,6.667799999999999,0.6677999999999988
BA47,7.0,6.9074,-0.09260000000000002
BA47,7.0,6.8214,-0.17860000000000031
BA47,7.0,6.8142,-0.1858000000000004
BA47,7.0,6.857,-0.1429999999999998
BA47,7.0,6.784,-0.2160000000000002
BA48,6.0,6.4514,0.4513999999999996
BA48,6.0,6.4356,0.4356
BA48,6.0,6.5964,0.5964
BA48,6.0,6.523999999999999,0.5239999999999991
BA48,6.0,6.479199999999999,0.47919999999999874
BA48,6.0,6.198,0.1980000000000004
BA48,6.0,6.1808,0.18079999999999963
BA49,6.0,6.2578000000000005,0.2578000000000005
BA49,6.0,6.4548,0.45479999999999965
BA49,6.0,6.192399999999999,0.19239999999999924
BA49,6.0,6.259599999999999,0.25959999999999894
BA49,6.0,6.205,0.20500000000000007
BA49,6.0,6.282599999999999,0.28259999999999863
BA50,7.0,6.945999999999994,-0.0540000000000056
BA50,7.0,6.6626,-0.3373999999999997
BA50,7.0,6.4898,-0.5102000000000002
BA50,7.0,6.4334,-0.5666000000000002
BA50,7.0,6.722600000000001,-0.2773999999999992
BA50,7.0,6.7628,-0.23719999999999963
BA51,6.0,6.6096,0.6096000000000004
BA51,6.0,6.5048,0.5048000000000004
BA51,6.0,6.637,0.6369999999999996
BA52,6.0,6.541,0.5410000000000004
BA52,6.0,6.17,0.16999999999999993
BA52,6.0,6.2654,0.26539999999999964
BA52,6.0,6.3464,0.34640000000000004
BA52,6.0,6.581199999999999,0.581199999999999
BA52,6.0,6.368,0.3680000000000003
BA52,6.0,6.1112,0.11120000000000019
BA53,7.0,6.556199999999999,-0.4438000000000013
BA53,7.0,6.655799999999999,-0.3442000000000007
BA53,7.0,6.873399999999999,-0.1266000000000007
BA53,7.0,6.582599999999999,-0.41740000000000066
BA53,7.0,6.7068,-0.2931999999999997
BA53,7.0,6.9086,-0.09140000000000015
BA53,7.0,6.8024,-0.19760000000000044
BA56,5.0,5.552,0.5519999999999996
BA56,5.0,5.975599999999999,0.9755999999999991
BA56,5.0,6.174,1.1740000000000004
BA56,5.0,6.016,1.016
BA56,5.0,6.308200000000001,1.3082000000000011
BA56,5.0,5.641,0.641
BA56,5.0,6.3438,1.3437999999999999
BA56,5.0,5.8313999999999995,0.8313999999999995
BA56,5.0,6.046,1.0460000000000003
BA56,5.0,6.0024,1.0023999999999997
BA57,7.0,6.6774,-0.32260000000000044
BA57,7.0,6.7766,-0.22339999999999982
BA57,7.0,6.7572,-0.2427999999999999
BA57,7.0,6.8313999999999995,-0.16860000000000053
BA57,7.0,6.5558,-0.4442000000000004
BA57,7.0,6.8584,-0.1416000000000004
BA57,7.0,7.0234,0.023399999999999643
BA57,7.0,6.900599999999999,-0.09940000000000104
BA57,7.0,6.872999999999998,-0.12700000000000156
BA57,7.0,7.021799999999999,0.02179999999999893
BA58,6.5,6.671399999999999,0.17139999999999933
BA58,6.5,6.8454,0.3453999999999997
BA58,6.5,6.812799999999998,0.3127999999999984
BA58,6.5,6.831399999999998,0.3313999999999977
BA59,7.0,6.9285999999999985,-0.07140000000000146
BA59,7.0,6.732199999999999,-0.26780000000000115
BA59,7.0,6.804799999999999,-0.1952000000000007
BA60,5.5,6.4468000000000005,0.9468000000000005
BA60,5.5,6.4887999999999995,0.9887999999999995
BA60,5.5,5.8362,0.33619999999999983
BA60,5.5,5.8312,0.33119999999999994
BA60,5.5,6.0598,0.5598000000000001
BA60,5.5,5.836399999999999,0.33639999999999937
BA60,5.5,6.0884,0.5884
BA60,5.5,6.037,0.5369999999999999
BA60,5.5,6.478,0.9779999999999998
BA61,7.5,7.4348,-0.06519999999999992
BA61,7.5,6.7998,-0.7001999999999997
BA61,7.5,7.256399999999999,-0.2436000000000007
BA61,7.5,7.364999999999999,-0.13500000000000068
BA61,7.5,7.467200000000001,-0.03279999999999905
BA62,6.0,6.3024,0.30239999999999956
BA62,6.0,6.744599999999995,0.7445999999999948
BA62,6.0,6.231,0.23099999999999987
BA62,6.0,6.308599999999998,0.30859999999999843
BA62,6.0,6.208399999999999,0.20839999999999925
BA62,6.0,6.701999999999998,0.7019999999999982
BA62,6.0,6.556199999999998,0.5561999999999978
BA63,7.0,6.6865999999999985,-0.31340000000000146
BA63,7.0,6.8836,-0.11639999999999961
BA63,7.0,6.798,-0.20199999999999996
BA63,7.0,6.9057999999999975,-0.0942000000000025
BA63,7.0,6.841199999999997,-0.15880000000000294
BA63,7.0,6.927599999999996,-0.07240000000000357
BA63,7.0,6.926999999999996,-0.07300000000000395
BA64,7.0,6.741200000000001,-0.25879999999999903
BA64,7.0,6.712,-0.28800000000000026
BA64,7.0,6.901599999999998,-0.0984000000000016
BA64,7.0,6.8831999999999995,-0.11680000000000046
BA64,7.0,6.6572,-0.34280000000000044
BA64,7.0,6.7322,-0.26780000000000026
BA64,7.0,6.765,-0.23500000000000032
BA64,7.0,6.710799999999999,-0.289200000000001
BA65,8.0,6.927599999999998,-1.0724000000000018
BA65,8.0,7.174999999999998,-0.825000000000002
BA65,8.0,7.6832,-0.31679999999999975
BA65,8.0,7.668,-0.33199999999999985
BA66,7.0,6.931,-0.06899999999999995
BA66,7.0,6.933,-0.06700000000000017
BA66,7.0,6.979,-0.020999999999999908
BA66,7.0,6.988,-0.011999999999999567
BA66,7.0,6.861,-0.13900000000000023
BA66,7.0,7.004,0.0039999999999995595
BA66,7.0,6.99,-0.009999999999999787
BA66,7.0,6.987,-0.0129999999999999
BA66,7.0,6.939,-0.06099999999999994
BA68,6.0,6.325,0.3250000000000002
BA68,6.0,6.142,0.14200000000000035
BA68,6.0,6.432,0.4320000000000004
BA68,6.0,6.590399999999998,0.590399999999998
BA68,6.0,6.464399999999999,0.4643999999999986
BA68,6.0,6.2014,0.20139999999999958
BA68,6.0,6.1624,0.16239999999999988
BA68,6.0,6.3788,0.3788
BA68,6.0,6.3264,0.3263999999999996
BA69,6.0,6.304600000000001,0.30460000000000065
BA69,6.0,6.5192,0.5191999999999997
BA69,6.0,6.303799999999999,0.30379999999999896
BA69,6.0,6.4559999999999995,0.4559999999999995
BA69,6.0,6.0,0.0
BA69,6.0,6.1377999999999995,0.13779999999999948
BA69,6.0,6.07,0.07000000000000028
BA69,6.0,6.0934,0.09339999999999993
BA70,5.0,5.32,0.3200000000000003
BA70,5.0,6.0466,1.0465999999999998
BA70,5.0,5.277,0.27700000000000014
BA70,5.0,5.3614,0.3613999999999997
BA70,5.0,5.344,0.3440000000000003
BA70,5.0,6.405399999999999,1.4053999999999993
BA70,5.0,6.0024,1.0023999999999997
BA70,5.0,5.594,0.5940000000000003
BA70,5.0,6.462799999999999,1.4627999999999988
BA70,5.0,5.6144,0.6143999999999998
BA70,5.0,6.043200000000001,1.0432000000000006
BA71,7.0,6.947599999999996,-0.052400000000004
BA71,7.0,6.998999999999997,-0.0010000000000029985
BA71,7.0,6.735999999999998,-0.264000000000002
BA71,7.0,6.856599999999997,-0.1434000000000033
BA71,7.0,6.869799999999996,-0.13020000000000387
BA71,7.0,6.9734,-0.02660000000000018
BA72,8.0,7.901,-0.0990000000000002
BA72,8.0,7.886,-0.11399999999999988
BA72,8.0,7.83,-0.16999999999999993
BA72,8.0,7.6751999999999985,-0.32480000000000153
BA72,8.0,7.782799999999999,-0.21720000000000095
BA72,8.0,7.6912,-0.30879999999999974
BA72,8.0,7.7896,-0.21039999999999992
BA73,6.0,6.358,0.35799999999999965
BA73,6.0,6.711799999999991,0.7117999999999913
BA73,6.0,6.413,0.41300000000000026
BA73,6.0,6.679399999999998,0.6793999999999976
BA73,6.0,6.738399999999994,0.7383999999999942
BA74,7.5,6.9152000000000005,-0.5847999999999995
BA74,7.5,7.201199999999999,-0.29880000000000084
BA74,7.5,7.128799999999999,-0.37120000000000086
BA74,7.5,7.2715999999999985,-0.2284000000000015
BA74,7.5,6.9243999999999994,-0.5756000000000006
BA74,7.5,7.139199999999999,-0.3608000000000011
BA75,7.5,7.171600000000001,-0.32839999999999936
BA75,7.5,6.8718,-0.6281999999999996
BA75,7.5,7.029599999999999,-0.4704000000000006
BA76,6.5,6.9312,0.4311999999999996
BA76,6.5,6.769,0.26900000000000013
BA76,6.5,6.7056,0.20559999999999956
BA76,6.5,6.642399999999999,0.14239999999999942
BA76,6.5,6.876799999999999,0.37679999999999936
BA76,6.5,6.7038,0.2038000000000002
BA76,6.5,6.7734,0.27339999999999964
BA76,6.5,6.719399999999999,0.21939999999999937
BA77,6.0,6.608199999999999,0.6081999999999992
BA77,6.0,6.712799999999999,0.7127999999999988
BA77,6.0,6.5478,0.5477999999999996
BA77,6.0,6.207599999999999,0.20759999999999934
BA77,6.0,6.539599999999998,0.5395999999999983
BA77,6.0,6.7984,0.7984
BA77,6.0,6.3528,0.3528000000000002
BA78,7.0,6.814799999999999,-0.18520000000000092
BA78,7.0,6.8198,-0.18020000000000014
BA78,7.0,6.7614,-0.23859999999999992
BA78,7.0,6.8104,-0.18960000000000043
BA79,7.0,6.834,-0.16600000000000037
BA79,7.0,6.9357999999999995,-0.06420000000000048
BA79,7.0,6.8744,-0.12560000000000038
BA79,7.0,6.599799999999999,-0.4002000000000008
BA79,7.0,6.979,-0.020999999999999908
BA79,7.0,6.979,-0.020999999999999908
BA79,7.0,6.813,-0.18700000000000028
BA80,7.0,6.785200000000001,-0.21479999999999944
BA80,7.0,6.923799999999999,-0.07620000000000093
BA80,7.0,6.8104,-0.18960000000000043
BA80,7.0,6.8393999999999995,-0.16060000000000052
BA80,7.0,6.859799999999999,-0.140200000000001
BA80,7.0,6.910400000000001,-0.08959999999999901
BA81,6.0,6.4554,0.4554
BA81,6.0,6.158799999999999,0.15879999999999939
BA81,6.0,6.2463999999999995,0.2463999999999995
BA81,6.0,6.291,0.29100000000000037
BA81,6.0,6.0688,0.06880000000000042
BA81,6.0,6.7204,0.7203999999999997
BA81,6.0,6.264,0.26400000000000023
BA82,8.0,7.247199999999998,-0.7528000000000024
BA82,8.0,7.267,-0.7329999999999997
BA82,8.0,7.513400000000001,-0.48659999999999926
BA82,8.0,7.0371999999999995,-0.9628000000000005
BA82,8.0,6.787,-1.213
BA82,8.0,7.0198,-0.9802
BA82,8.0,7.258599999999999,-0.7414000000000014
BA83,5.0,5.181799999999999,0.18179999999999907
BA83,5.0,5.685200000000001,0.6852000000000009
BA83,5.0,5.652399999999999,0.6523999999999992
BA83,5.0,6.0564,1.0564
BA83,5.0,6.121399999999999,1.1213999999999986
BA84,7.0,6.7688,-0.2312000000000003
BA84,7.0,6.805999999999999,-0.19400000000000084
BA84,7.0,6.767,-0.23299999999999965
BA84,7.0,6.626600000000001,-0.3733999999999993
BA84,7.0,6.722,-0.2779999999999996
BA84,7.0,6.874,-0.12600000000000033
BA84,7.0,6.777599999999999,-0.22240000000000126
BA84,7.0,6.9503999999999975,-0.04960000000000253
BA85,7.0,6.9765999999999995,-0.02340000000000053
BA85,7.0,7.020999999999993,0.020999999999992802
BA85,7.0,6.966399999999997,-0.033600000000003405
BA85,7.0,7.002399999999996,0.002399999999996183
BA85,7.0,6.972799999999999,-0.027200000000000557
BA85,7.0,7.141399999999998,0.1413999999999982
BA86,6.5,6.6831999999999985,0.18319999999999848
BA86,6.5,6.649599999999999,0.14959999999999862
BA86,6.5,6.732199999999999,0.23219999999999885
BA86,6.5,6.52,0.019999999999999574
BA86,6.5,6.650799999999998,0.1507999999999976
BA86,6.5,6.656199999999999,0.15619999999999923
BA86,6.5,6.614,0.11399999999999988
BA86,6.5,6.6293999999999995,0.12939999999999952
BA87,6.0,6.314799999999997,0.3147999999999973
BA87,6.0,6.306599999999999,0.30659999999999865
BA87,6.0,6.1221999999999985,0.12219999999999853
BA87,6.0,6.1728,0.17279999999999962
BA87,6.0,6.401599999999998,0.4015999999999984
BA87,6.0,6.216199999999999,0.21619999999999884
BA87,6.0,6.4174,0.41739999999999977
BA87,6.0,6.713999999999998,0.7139999999999977
BA87,6.0,6.329,0.32899999999999974
BA89,8.0,7.911199999999999,-0.08880000000000088
BA89,8.0,7.8287999999999975,-0.17120000000000246
BA89,8.0,7.738599999999996,-0.26140000000000363
BA89,8.0,7.619599999999998,-0.3804000000000016
BA89,8.0,7.649999999999999,-0.3500000000000014
BA89,8.0,7.795799999999999,-0.20420000000000105
BA89,8.0,7.772799999999999,-0.22720000000000073
BA90,7.0,6.964,-0.03599999999999959
BA90,7.0,6.9243999999999994,-0.07560000000000056
BA90,7.0,6.9124,-0.08760000000000012
BA90,7.0,6.943199999999999,-0.05680000000000085
BA90,7.0,6.942399999999999,-0.05760000000000076
BA90,7.0,6.9874,-0.012599999999999945
BA90,7.0,6.897,-0.10299999999999976
BA1,7.0,6.772,-0.22799999999999976
BA1,7.0,6.728599999999998,-0.27140000000000164
BA1,7.0,7.0032,0.0031999999999996476
BA1,7.0,6.9844,-0.015600000000000058
BA1,7.0,6.737,-0.2629999999999999
BA1,7.0,6.793799999999999,-0.20620000000000083
BA1,7.0,6.7254,-0.2746000000000004
BA2,7.0,6.812399999999998,-0.18760000000000243
BA2,7.0,7.112199999999998,0.11219999999999786
BA2,7.0,6.8191999999999995,-0.18080000000000052
BA2,7.0,6.884,-0.11599999999999966
BA2,7.0,7.0466,0.04659999999999975
BA2,7.0,6.965200000000001,-0.03479999999999883
BA2,7.0,7.016199999999999,0.01619999999999866
BA3,7.0,6.843399999999999,-0.15660000000000096
BA3,7.0,6.938799999999999,-0.06120000000000125
BA3,7.0,6.96,-0.040000000000000036
BA3,7.0,6.677399999999998,-0.3226000000000022
BA3,7.0,7.000799999999997,0.0007999999999972474
BA3,7.0,6.895999999999999,-0.10400000000000098
BA4,8.0,7.459999999999998,-0.5400000000000018
BA4,8.0,7.154799999999999,-0.8452000000000011
BA4,8.0,7.319399999999999,-0.680600000000001
BA4,8.0,6.603599999999998,-1.3964000000000016
BA4,8.0,6.8749999999999964,-1.1250000000000036
BA4,8.0,7.3267999999999995,-0.6732000000000005
BA5,6.0,6.5312,0.5312000000000001
BA5,6.0,7.342,1.3419999999999996
BA5,6.0,7.399,1.399
BA5,6.0,6.556,0.556
BA5,6.0,7.096,1.096
BA5,6.0,6.509,0.5090000000000003
BA5,6.0,6.3774,0.37739999999999974
BA5,6.0,6.199,0.19899999999999984
BA5,6.0,6.149,0.14900000000000002
BA5,6.0,6.139,0.13900000000000023
BA6,8.0,6.5294,-1.4706000000000001
BA6,8.0,6.8793999999999995,-1.1206000000000005
BA6,8.0,7.4956,-0.5044000000000004
BA6,8.0,7.628,-0.3719999999999999
BA6,8.0,7.591,-0.4089999999999998
BA7,6.0,6.282,0.28200000000000003
BA7,6.0,6.021,0.020999999999999908
BA7,6.0,6.152,0.15200000000000014
BA7,6.0,6.174,0.17400000000000038
BA7,6.0,6.2543999999999995,0.2543999999999995
BA7,6.0,6.223,0.22299999999999986
BA7,6.0,6.081,0.0810000000000004
BA8,7.0,7.139199999999998,0.139199999999998
BA8,7.0,6.984199999999999,-0.01580000000000137
BA8,7.0,6.8988,-0.1012000000000004
BA8,7.0,6.866799999999999,-0.13320000000000132
BA8,7.0,7.116199999999997,0.11619999999999742
BA9,8.0,7.2868,-0.7131999999999996
BA9,8.0,7.1328000000000005,-0.8671999999999995
BA9,8.0,6.7262,-1.2737999999999996
BA9,8.0,6.9571999999999985,-1.0428000000000015
BA9,8.0,6.691,-1.3090000000000002
BA9,8.0,7.200599999999999,-0.7994000000000012
BA9,8.0,7.018,-0.9820000000000002
BA9,8.0,7.234199999999999,-0.7658000000000014
BA9,8.0,7.0443999999999996,-0.9556000000000004
BA9,8.0,7.332999999999995,-0.6670000000000051
BA11,6.0,6.214,0.2140000000000004
BA11,6.0,6.195,0.19500000000000028
BA11,6.0,6.4121999999999995,0.41219999999999946
BA11,6.0,6.3544,0.35440000000000005
BA11,6.0,6.482200000000001,0.48220000000000063
BA11,6.0,6.243,0.24300000000000033
BA11,6.0,6.264399999999999,0.2643999999999993
BA12,7.0,6.5812,-0.41880000000000006
BA12,7.0,6.4464,-0.5536000000000003
BA12,7.0,6.4912,-0.5087999999999999
BA12,7.0,6.610799999999999,-0.38920000000000066
BA12,7.0,6.7344,-0.26560000000000006
BA12,7.0,6.702,-0.29800000000000004
BA12,7.0,6.458,-0.5419999999999998
BA12,7.0,6.791399999999999,-0.20860000000000056
BA12,7.0,6.5172,-0.4828000000000001
BA12,7.0,6.471,-0.5289999999999999
BA13,7.0,7.049799999999999,0.0497999999999994
BA13,7.0,7.0216,0.021600000000000286
BA13,7.0,6.890399999999998,-0.10960000000000214
BA13,7.0,6.978999999999999,-0.021000000000000796
BA13,7.0,7.010599999999998,0.010599999999998388
BA13,7.0,6.987199999999999,-0.012800000000001255
BA14,7.0,7.086399999999994,0.08639999999999404
BA14,7.0,6.9416,-0.058399999999999785
BA14,7.0,6.912599999999999,-0.08740000000000059
BA15,7.0,7.096599999999999,0.09659999999999869
BA15,7.0,7.13,0.1299999999999999
BA15,7.0,6.8306000000000004,-0.16939999999999955
BA17,6.5,6.543399999999999,0.04339999999999922
BA17,6.5,6.610799999999999,0.11079999999999934
BA17,6.5,6.575399999999999,0.07539999999999925
BA17,6.5,6.8578,0.3578000000000001
BA17,6.5,6.8256,0.32559999999999967
BA18,7.5,7.111199999999999,-0.3888000000000007
BA18,7.5,6.937600000000001,-0.5623999999999993
BA18,7.5,7.1902,-0.3098000000000001
BA18,7.5,6.9956,-0.5044000000000004
BA18,7.5,7.019,-0.48099999999999987
BA18,7.5,6.887,-0.6130000000000004
BA18,7.5,7.300399999999998,-0.199600000000002
BA18,7.5,7.022199999999997,-0.4778000000000029
BA19,7.5,6.950199999999999,-0.5498000000000012
BA19,7.5,6.8566,-0.6433999999999997
BA19,7.5,6.9807999999999995,-0.5192000000000005
BA19,7.5,6.6522,-0.8478000000000003
BA19,7.5,6.284599999999998,-1.2154000000000016
BA19,7.5,6.9022,-0.5978000000000003
BA19,7.5,6.8056,-0.6943999999999999
BA19,7.5,6.860399999999999,-0.6396000000000006
BA19,7.5,6.63,-0.8700000000000001
BA20,6.0,6.078,0.07800000000000029
BA20,6.0,6.2052000000000005,0.2052000000000005
BA20,6.0,6.280600000000001,0.2806000000000006
BA20,6.0,6.6076,0.6075999999999997
BA20,6.0,6.3028,0.3028000000000004
BA20,6.0,6.5043999999999995,0.5043999999999995
BA20,6.0,6.0518,0.05180000000000007
BA20,6.0,6.328,0.3280000000000003
BA21,7.5,6.6621999999999995,-0.8378000000000005
BA21,7.5,7.062399999999999,-0.43760000000000066
BA22,7.2,6.953199999999984,-0.24680000000001634
BA22,7.2,6.8699999999999894,-0.33000000000001073
BA22,7.2,6.987399999999977,-0.21260000000002321
BA22,7.2,7.085799999999979,-0.11420000000002162
BA22,7.2,6.782399999999985,-0.4176000000000153
BA22,7.2,6.949999999999993,-0.2500000000000071
BA22,7.2,7.092599999999984,-0.10740000000001615
BA22,7.2,7.072799999999985,-0.1272000000000153
BA23,6.0,6.408399999999999,0.40839999999999943
BA23,6.0,6.501799999999999,0.5017999999999994
BA23,6.0,6.4792,0.4791999999999996
BA23,6.0,6.736199999999999,0.7361999999999993
BA23,6.0,6.5767999999999995,0.5767999999999995
BA23,6.0,6.6362000000000005,0.6362000000000005
BA24,6.0,6.345,0.34499999999999975
BA24,6.0,6.029,0.028999999999999915
BA24,6.0,6.016,0.016000000000000014
BA24,6.0,6.165,0.16500000000000004
BA24,6.0,6.046,0.04600000000000026
BA24,6.0,6.401,0.4009999999999998
BA25,5.5,5.717,0.21699999999999964
BA25,5.5,5.626399999999999,0.1263999999999994
BA25,5.5,5.755199999999999,0.2551999999999994
BA25,5.5,6.0324,0.5324
BA25,5.5,5.8544,0.35440000000000005
BA25,5.5,5.751399999999999,0.2513999999999994
BA26,6.5,6.583399999999999,0.08339999999999925
BA26,6.5,6.5922,0.09220000000000006
BA26,6.5,6.6242,0.12420000000000009
BA26,6.5,6.7504,0.25039999999999996
BA26,6.5,6.6377999999999995,0.13779999999999948
BA26,6.5,6.674,0.17400000000000038
BA27,7.5,7.052999999999996,-0.4470000000000036
BA28,5.5,6.017,0.5170000000000003
BA28,5.5,6.034599999999999,0.5345999999999993
BA28,5.5,6.1983999999999995,0.6983999999999995
BA28,5.5,6.5973999999999995,1.0973999999999995
BA28,5.5,6.129,0.6289999999999996
BA28,5.5,5.843,0.34299999999999997
BA28,5.5,5.7838,0.2838000000000003
BA28,5.5,6.195399999999998,0.6953999999999976
BA28,5.5,5.875399999999999,0.37539999999999907
BA28,5.5,5.815,0.3150000000000004
BA29,6.5,6.740399999999999,0.24039999999999928
BA29,6.5,6.756799999999999,0.25679999999999925
BA29,6.5,6.4304,-0.06960000000000033
BA29,6.5,6.384,-0.11599999999999966
BA29,6.5,6.534799999999999,0.03479999999999883
BA29,6.5,6.6114,0.11139999999999972
BA30,6.0,6.219,0.2190000000000003
BA30,6.0,6.138,0.1379999999999999
BA30,6.0,6.1754,0.17539999999999978
BA30,6.0,6.236,0.23599999999999977
BA30,6.0,6.389399999999999,0.3893999999999993
BA30,6.0,6.2143999999999995,0.21439999999999948
BA30,6.0,6.205,0.20500000000000007
BA30,6.0,6.288399999999999,0.2883999999999993
BA30,6.0,6.2284,0.22839999999999971
BA30,6.0,6.219399999999999,0.21939999999999937
BA31,6.5,6.8576,0.3575999999999997
BA31,6.5,6.96,0.45999999999999996
BA31,6.5,6.4129999999999985,-0.08700000000000152
BA31,6.5,6.545399999999999,0.045399999999999
BA31,6.5,6.4963999999999995,-0.0036000000000004917
BA31,6.5,6.5658,0.0658000000000003
BA32,6.0,6.217,0.21699999999999964
BA32,6.0,6.237,0.2370000000000001
BA32,6.0,6.2822000000000005,0.28220000000000045
BA32,6.0,6.320799999999999,0.3207999999999993
BA32,6.0,6.553199999999999,0.5531999999999986
BA33,7.5,6.674600000000001,-0.8253999999999992
BA33,7.5,7.0687999999999995,-0.43120000000000047
BA33,7.5,6.8157999999999985,-0.6842000000000015
BA33,7.5,7.1484,-0.35160000000000036
BA33,7.5,7.1488,-0.3512000000000004
BA33,7.5,7.1053999999999995,-0.3946000000000005
BA33,7.5,6.671399999999999,-0.8286000000000007
BA33,7.5,6.7898,-0.7102000000000004
BA33,7.5,6.885199999999999,-0.6148000000000007
BA34,7.0,6.899,-0.10099999999999998
BA34,7.0,7.599,0.5990000000000002
BA34,7.0,7.261,0.2610000000000001
BA34,7.0,6.89,-0.11000000000000032
BA34,7.0,7.557,0.5570000000000004
BA34,7.0,6.5774,-0.4226000000000001
BA35,6.5,6.522399999999999,0.02239999999999931
BA35,6.5,6.48,-0.019999999999999574
BA35,6.5,6.467,-0.03300000000000036
BA36,6.0,6.547,0.5469999999999997
BA36,6.0,6.301199999999999,0.3011999999999988
BA36,6.0,6.651199999999999,0.6511999999999993
BA36,6.0,6.2654,0.26539999999999964
BA36,6.0,6.691399999999998,0.691399999999998
BA36,6.0,6.818999999999997,0.8189999999999973
BA36,6.0,6.437799999999999,0.4377999999999993
BA36,6.0,6.63,0.6299999999999999
BA37,7.0,6.974,-0.0259999999999998
BA37,7.0,6.951,-0.04900000000000038
BA37,7.0,6.86,-0.13999999999999968
BA38,7.5,7.232399999999997,-0.2676000000000034
BA38,7.5,7.164399999999999,-0.33560000000000123
BA38,7.5,7.268999999999997,-0.23100000000000342
BA38,7.5,7.3584,-0.1416000000000004
BA38,7.5,7.2688,-0.2312000000000003
BA38,7.5,7.109399999999999,-0.39060000000000095
BA38,7.5,7.236599999999998,-0.26340000000000163
BA38,7.5,7.261599999999999,-0.23840000000000128
BA38,7.5,7.352999999999998,-0.14700000000000202
BA39,7.0,6.7214,-0.27859999999999996
BA39,7.0,6.788399999999999,-0.21160000000000068
BA39,7.0,6.8553999999999995,-0.1446000000000005
BA39,7.0,6.9204,-0.07960000000000012
BA39,7.0,6.8202,-0.17980000000000018
BA42,8.5,8.2114,-0.28860000000000063
BA42,8.5,8.2578,-0.24220000000000041
BA42,8.5,8.2698,-0.23019999999999996
BA42,8.5,7.928199999999999,-0.5718000000000014
BA42,8.5,8.1294,-0.3705999999999996
BA42,8.5,8.284,-0.2159999999999993
BA42,8.5,8.225,-0.27500000000000036
BA42,8.5,7.7547999999999995,-0.7452000000000005
BA42,8.5,7.8637999999999995,-0.6362000000000005
BA42,8.5,8.0672,-0.4328000000000003
BA43,7.0,6.7686,-0.23139999999999983
BA43,7.0,6.8191999999999995,-0.18080000000000052
BA43,7.0,6.697,-0.30299999999999994
BA43,7.0,6.8641999999999985,-0.13580000000000148
BA43,7.0,6.746,-0.25399999999999956
BA43,7.0,6.792599999999999,-0.2074000000000007
BA44,7.5,7.2193999999999985,-0.2806000000000015
BA44,7.5,7.226,-0.274
BA44,7.5,7.151,-0.3490000000000002
BA44,7.5,7.2303999999999995,-0.2696000000000005
BA46,6.0,6.3674,0.36739999999999995
BA46,6.0,6.392,0.39200000000000035
BA46,6.0,6.5794,0.5793999999999997
BA46,6.0,6.474399999999999,0.47439999999999927
BA46,6.0,6.417599999999998,0.4175999999999984
BA46,6.0,6.769,0.7690000000000001
BA46,6.0,6.3612,0.3612000000000002
BA46,6.0,6.573799999999999,0.5737999999999994
BA46,6.0,6.762200000000001,0.7622000000000009
BA46,6.0,6.586399999999999,0.5863999999999994
BA47,7.0,6.7654,-0.23460000000000036
BA47,7.0,6.704,-0.29600000000000026
BA47,7.0,6.9558,-0.04420000000000002
BA47,7.0,6.8824,-0.11760000000000037
BA47,7.0,6.615399999999999,-0.3846000000000007
BA47,7.0,6.760800000000001,-0.2391999999999994
BA47,7.0,6.785399999999999,-0.2146000000000008
BA48,6.0,6.5352,0.5351999999999997
BA48,6.0,6.4678,0.46780000000000044
BA49,6.0,6.2672,0.2671999999999999
BA49,6.0,6.327199999999999,0.3271999999999986
BA49,6.0,6.284800000000001,0.2848000000000006
BA49,6.0,6.250799999999999,0.250799999999999
BA49,6.0,6.542799999999999,0.5427999999999988
BA49,6.0,6.475199999999999,0.4751999999999992
BA49,6.0,6.48,0.4800000000000004
BA49,6.0,6.466199999999999,0.46619999999999884
BA49,6.0,6.5443999999999996,0.5443999999999996
BA50,7.0,6.6012,-0.3987999999999996
BA50,7.0,6.660799999999999,-0.33920000000000083
BA50,7.0,6.669199999999999,-0.33080000000000087
BA50,7.0,6.846399999999999,-0.15360000000000085
BA50,7.0,6.8298,-0.17020000000000035
BA50,7.0,6.987199999999997,-0.012800000000003031
BA51,6.0,6.6734,0.6734
BA52,6.0,6.327,0.32699999999999996
BA52,6.0,6.6668,0.6668000000000003
BA52,6.0,6.5207999999999995,0.5207999999999995
BA52,6.0,6.3492,0.34919999999999973
BA52,6.0,6.570599999999999,0.5705999999999989
BA52,6.0,6.353800000000001,0.35380000000000056
BA52,6.0,6.400399999999999,0.4003999999999994
BA53,7.0,6.9583999999999975,-0.041600000000002524
BA53,7.0,6.825599999999998,-0.1744000000000021
BA53,7.0,6.740799999999999,-0.25920000000000076
BA53,7.0,6.466199999999999,-0.5338000000000012
BA53,7.0,6.651200000000001,-0.3487999999999989
BA53,7.0,6.5904,-0.4096000000000002
BA53,7.0,6.892,-0.10799999999999965
BA53,7.0,6.825199999999999,-0.17480000000000118
BA56,5.0,6.156,1.1559999999999997
BA56,5.0,5.465,0.46499999999999986
BA56,5.0,5.567,0.5670000000000002
BA56,5.0,6.1044,1.1044
BA56,5.0,6.067,1.0670000000000002
BA56,5.0,5.9254,0.9253999999999998
BA56,5.0,5.831,0.8310000000000004
BA56,5.0,5.8118,0.8117999999999999
BA57,7.0,6.711399999999999,-0.28860000000000063
BA57,7.0,6.764199999999999,-0.23580000000000112
BA57,7.0,6.774199999999999,-0.22580000000000133
BA57,7.0,6.7246,-0.2754000000000003
BA57,7.0,6.868200000000001,-0.13179999999999925
BA57,7.0,6.899,-0.10099999999999998
BA57,7.0,6.785599999999999,-0.21440000000000126
BA57,7.0,6.798599999999999,-0.20140000000000136
BA58,6.5,6.727399999999999,0.22739999999999938
BA58,6.5,6.9708,0.47079999999999966
BA58,6.5,6.8616,0.36160000000000014
BA58,6.5,6.7783999999999995,0.27839999999999954
BA58,6.5,6.7524,0.25239999999999974
BA58,6.5,6.6514,0.15139999999999976
BA58,6.5,6.6574,0.15739999999999998
BA58,6.5,6.711599999999999,0.2115999999999989
BA59,7.0,6.915799999999999,-0.08420000000000094
BA59,7.0,6.892599999999998,-0.10740000000000194
BA59,7.0,6.9156,-0.08439999999999959
BA59,7.0,6.6858,-0.3141999999999996
BA60,5.5,6.065,0.5650000000000004
BA60,5.5,5.8384,0.33840000000000003
BA60,5.5,6.534799999999999,1.0347999999999988
BA61,7.5,7.4502,-0.04980000000000029
BA61,7.5,6.587200000000001,-0.912799999999999
BA61,7.5,7.242799999999999,-0.257200000000001
BA61,7.5,6.9574,-0.5426000000000002
BA61,7.5,7.143,-0.3570000000000002
BA61,7.5,7.2074,-0.2926000000000002
BA61,7.5,7.200799999999999,-0.2992000000000008
BA62,6.0,6.3624,0.36240000000000006
BA62,6.0,6.476,0.476
BA62,6.0,6.396999999999999,0.39699999999999935
BA62,6.0,6.324799999999999,0.32479999999999887
BA62,6.0,6.495999999999999,0.49599999999999866
BA62,6.0,6.695199999999997,0.6951999999999972
BA62,6.0,6.657199999999998,0.6571999999999978
BA62,6.0,6.749199999999995,0.7491999999999948
BA62,6.0,6.745199999999998,0.7451999999999979
BA63,7.0,6.8708,-0.12919999999999998
BA63,7.0,6.942999999999998,-0.05700000000000216
BA63,7.0,6.981799999999995,-0.018200000000004657
BA63,7.0,6.895999999999998,-0.10400000000000187
BA63,7.0,6.724399999999999,-0.27560000000000073
BA63,7.0,6.740199999999999,-0.25980000000000114
BA64,7.0,6.801,-0.19899999999999984
BA64,7.0,6.863199999999999,-0.13680000000000092
BA64,7.0,6.9524,-0.04760000000000009
BA64,7.0,6.662799999999999,-0.33720000000000105
BA64,7.0,6.737599999999999,-0.2624000000000013
BA65,8.0,7.7614,-0.23859999999999992
BA65,8.0,7.592,-0.40800000000000036
BA65,8.0,7.6284,-0.37159999999999993
BA65,8.0,7.481,-0.5190000000000001
BA65,8.0,7.2063999999999995,-0.7936000000000005
BA65,8.0,7.351599999999998,-0.6484000000000023
BA65,8.0,7.256799999999995,-0.7432000000000052
BA65,8.0,7.8184,-0.18160000000000043
BA65,8.0,7.71,-0.29000000000000004
BA65,8.0,7.291600000000001,-0.7083999999999993
BA66,7.0,6.907,-0.09299999999999997
BA66,7.0,6.9204,-0.07960000000000012
BA66,7.0,6.962,-0.038000000000000256
BA66,7.0,6.882,-0.11800000000000033
BA66,7.0,6.983,-0.017000000000000348
BA66,7.0,6.958,-0.041999999999999815
BA66,7.0,6.971,-0.028999999999999915
BA66,7.0,6.936,-0.06400000000000006
BA68,6.0,6.581799999999999,0.5817999999999994
BA68,6.0,6.4784,0.4783999999999997
BA68,6.0,6.278,0.2779999999999996
BA68,6.0,6.341399999999999,0.34139999999999926
BA68,6.0,6.4944,0.49439999999999973
BA68,6.0,6.491599999999998,0.49159999999999826
BA68,6.0,6.214,0.2140000000000004
BA68,6.0,6.3246,0.3246000000000002
BA68,6.0,6.41,0.41000000000000014
BA68,6.0,6.359,0.359
BA69,6.0,6.163799999999999,0.16379999999999928
BA69,6.0,6.0973999999999995,0.09739999999999949
BA69,6.0,6.1062,0.1062000000000003
BA69,6.0,6.2338,0.23379999999999956
BA69,6.0,6.2504,0.25039999999999996
BA70,5.0,5.371,0.37100000000000044
BA70,5.0,5.367,0.367
BA70,5.0,5.195,0.19500000000000028
BA70,5.0,6.288199999999998,1.288199999999998
BA70,5.0,6.6174,1.6174
BA70,5.0,5.8504,0.8503999999999996
BA70,5.0,6.4384,1.4383999999999997
BA70,5.0,6.959799999999998,1.9597999999999978
BA70,5.0,5.8022,0.8022
BA71,7.0,6.975399999999997,-0.024600000000003064
BA71,7.0,6.632,-0.3680000000000003
BA71,7.0,6.965999999999998,-0.034000000000001585
BA71,7.0,6.959599999999998,-0.04040000000000177
BA71,7.0,6.7273999999999985,-0.2726000000000015
BA71,7.0,6.809399999999996,-0.19060000000000432
BA71,7.0,6.3793999999999995,-0.6206000000000005
BA71,7.0,6.9583999999999975,-0.041600000000002524
BA71,7.0,6.940799999999996,-0.05920000000000414
BA71,7.0,6.922999999999996,-0.0770000000000044
BA72,8.0,7.718,-0.28200000000000003
BA72,8.0,7.7984,-0.2016
BA72,8.0,7.857799999999999,-0.14220000000000077
BA72,8.0,7.8548,-0.1452
BA72,8.0,7.642399999999998,-0.35760000000000236
BA72,8.0,7.710199999999999,-0.2898000000000014
BA72,8.0,7.6034,-0.3966000000000003
BA73,6.0,6.577999999999999,0.5779999999999994
BA73,6.0,6.501399999999999,0.5013999999999994
BA73,6.0,6.306,0.30600000000000005
BA73,6.0,6.1574,0.15739999999999998
BA73,6.0,6.317599999999997,0.317599999999997
BA74,7.5,7.0813999999999995,-0.4186000000000005
BA74,7.5,7.1693999999999996,-0.33060000000000045
BA74,7.5,6.684799999999999,-0.8152000000000008
BA74,7.5,6.8422,-0.6577999999999999
BA74,7.5,6.8614,-0.6386000000000003
BA74,7.5,7.0718000000000005,-0.42819999999999947
BA74,7.5,6.922799999999998,-0.5772000000000022
BA74,7.5,6.921199999999999,-0.5788000000000011
BA74,7.5,6.8274,-0.6726000000000001
BA75,7.5,7.1728,-0.3272000000000004
BA75,7.5,6.774,-0.726
BA75,7.5,6.8708,-0.6292
BA75,7.5,6.777,-0.7229999999999999
BA76,6.5,6.7012,0.20120000000000005
BA76,6.5,6.6854,0.18539999999999957
BA76,6.5,6.835,0.33499999999999996
BA76,6.5,6.6854,0.18539999999999957
BA76,6.5,6.882999999999999,0.3829999999999991
BA76,6.5,6.7664,0.26639999999999997
BA76,6.5,6.541,0.04100000000000037
BA76,6.5,6.56,0.05999999999999961
BA76,6.5,6.823199999999999,0.32319999999999904
BA76,6.5,6.7104,0.21039999999999992
BA76,6.5,6.535,0.03500000000000014
BA76,6.5,6.906599999999999,0.4065999999999992
BA76,6.5,6.7318,0.23179999999999978
BA77,6.0,6.341399999999999,0.34139999999999926
BA77,6.0,6.589200000000001,0.5892000000000008
BA77,6.0,6.5294,0.5293999999999999
BA77,6.0,6.2832,0.2831999999999999
BA77,6.0,6.4807999999999995,0.48079999999999945
BA77,6.0,6.3062,0.3061999999999996
BA77,6.0,6.4232,0.4231999999999996
BA78,7.0,6.7014,-0.2986000000000004
BA78,7.0,6.754199999999999,-0.2458000000000009
BA78,7.0,6.7432,-0.25680000000000014
BA78,7.0,6.8062000000000005,-0.19379999999999953
BA78,7.0,6.609999999999999,-0.39000000000000057
BA78,7.0,6.687399999999999,-0.31260000000000066
BA78,7.0,6.723399999999999,-0.27660000000000107
BA78,7.0,6.708,-0.2919999999999998
BA79,7.0,6.8534,-0.14660000000000029
BA79,7.0,6.749999999999999,-0.2500000000000009
BA79,7.0,6.8544,-0.14559999999999995
BA79,7.0,6.835799999999999,-0.164200000000001
BA79,7.0,6.748399999999999,-0.2516000000000007
BA79,7.0,6.899,-0.10099999999999998
BA79,7.0,6.857,-0.1429999999999998
BA79,7.0,6.746,-0.25399999999999956
BA79,7.0,6.611800000000001,-0.38819999999999943
BA79,7.0,6.8694,-0.13060000000000027
BA79,7.0,6.9594,-0.040600000000000414
BA80,7.0,6.921399999999999,-0.07860000000000067
BA80,7.0,6.753799999999999,-0.24620000000000086
BA80,7.0,6.908,-0.09199999999999964
BA80,7.0,6.7604,-0.23960000000000026
BA80,7.0,6.8538,-0.14620000000000033
BA80,7.0,6.797,-0.2030000000000003
BA80,7.0,6.846,-0.15399999999999991
BA81,6.0,6.642799999999999,0.6427999999999994
BA81,6.0,6.5964,0.5964
BA81,6.0,6.347799999999999,0.34779999999999944
BA82,8.0,6.990599999999999,-1.0094000000000012
BA82,8.0,7.372399999999996,-0.6276000000000037
BA82,8.0,7.420199999999997,-0.5798000000000032
BA82,8.0,7.185399999999994,-0.8146000000000058
BA82,8.0,6.932600000000001,-1.0673999999999992
BA83,5.0,5.172,0.1719999999999997
BA83,5.0,5.3674,0.36739999999999995
BA83,5.0,5.4228000000000005,0.4228000000000005
BA83,5.0,5.559,0.5590000000000002
BA83,5.0,5.927,0.9269999999999996
BA83,5.0,6.159799999999999,1.1597999999999988
BA83,5.0,6.2383999999999995,1.2383999999999995
BA83,5.0,5.8084,0.8083999999999998
BA84,7.0,6.925799999999997,-0.07420000000000293
BA84,7.0,6.9499999999999975,-0.05000000000000249
BA84,7.0,6.929999999999997,-0.07000000000000295
BA84,7.0,6.705199999999999,-0.2948000000000013
BA84,7.0,6.603599999999999,-0.39640000000000075
BA84,7.0,6.6864,-0.3136000000000001
BA84,7.0,6.7208,-0.27920000000000034
BA84,7.0,6.972799999999999,-0.027200000000000557
BA84,7.0,6.706199999999999,-0.29380000000000095
BA84,7.0,6.5242,-0.47579999999999956
BA85,7.0,7.0146,0.014599999999999724
BA85,7.0,6.9924,-0.007600000000000051
BA85,7.0,6.392,-0.6079999999999997
BA85,7.0,6.954399999999998,-0.04560000000000208
BA85,7.0,7.102999999999998,0.10299999999999798
BA85,7.0,6.88,-0.1200000000000001
BA85,7.0,7.020799999999998,0.02079999999999771
BA85,7.0,6.841399999999999,-0.15860000000000074
BA86,6.5,6.659799999999999,0.15979999999999883
BA86,6.5,6.6108,0.11080000000000023
BA86,6.5,6.6914,0.1913999999999998
BA86,6.5,6.626399999999998,0.12639999999999763
BA86,6.5,6.647999999999999,0.1479999999999988
BA86,6.5,6.601,0.10099999999999998
BA86,6.5,6.5992,0.09919999999999973
BA87,6.0,6.35,0.34999999999999964
BA87,6.0,6.4548,0.45479999999999965
BA87,6.0,6.2056000000000004,0.20560000000000045
BA87,6.0,6.437599999999999,0.4375999999999989
BA87,6.0,6.4834,0.4833999999999996
BA87,6.0,6.500799999999997,0.5007999999999972
BA87,6.0,6.2886,0.28859999999999975
BA89,8.0,7.423799999999997,-0.5762000000000027
BA89,8.0,7.529399999999997,-0.4706000000000028
BA89,8.0,7.860999999999999,-0.13900000000000112
BA89,8.0,7.463199999999995,-0.5368000000000048
BA90,7.0,6.826,-0.17400000000000038
BA90,7.0,6.902,-0.09799999999999986
BA90,7.0,6.978,-0.02200000000000024
BA90,7.0,6.9624,-0.0376000000000003
BA90,7.0,6.915,-0.08499999999999996
BA90,7.0,6.9418,-0.05820000000000025
BA90,7.0,6.766,-0.23399999999999999
BA90,7.0,6.861,-0.13900000000000023
BA90,7.0,6.659,-0.3410000000000002
BA90,7.0,6.696,-0.30400000000000027
BA90,7.0,6.783,-0.21699999999999964
