Subject_ID,Actual,Predicted,Error
BA1,7.0,6.4394,-0.5606
BA1,7.0,6.941,-0.05900000000000016
BA1,7.0,6.756,-0.24399999999999977
BA1,7.0,6.843399999999999,-0.15660000000000096
BA2,7.0,6.834799999999998,-0.16520000000000223
BA2,7.0,6.863999999999998,-0.1360000000000019
BA2,7.0,6.944399999999995,-0.05560000000000542
BA2,7.0,6.7036,-0.2964000000000002
BA2,7.0,7.1114,0.11139999999999972
BA2,7.0,7.007599999999998,0.007599999999998275
BA2,7.0,6.988199999999999,-0.01180000000000092
BA2,7.0,6.814199999999999,-0.1858000000000013
BA2,7.0,7.053799999999999,0.05379999999999896
BA2,7.0,7.099399999999999,0.09939999999999927
BA2,7.0,7.083199999999998,0.08319999999999794
BA3,7.0,6.739399999999998,-0.26060000000000194
BA3,7.0,6.7758,-0.22419999999999973
BA3,7.0,6.7223999999999995,-0.2776000000000005
BA3,7.0,6.703399999999999,-0.29660000000000064
BA3,7.0,6.603999999999999,-0.3960000000000008
BA3,7.0,6.6854,-0.31460000000000043
BA4,8.0,7.043799999999999,-0.9562000000000008
BA4,8.0,7.83,-0.16999999999999993
BA4,8.0,7.6991999999999985,-0.3008000000000015
BA4,8.0,7.259999999999998,-0.740000000000002
BA4,8.0,7.127199999999994,-0.872800000000006
BA4,8.0,7.158399999999999,-0.8416000000000006
BA4,8.0,7.479199999999999,-0.5208000000000013
BA5,6.0,7.454,1.4539999999999997
BA5,6.0,6.533200000000001,0.5332000000000008
BA5,6.0,6.172,0.1719999999999997
BA6,8.0,6.817399999999998,-1.1826000000000016
BA6,8.0,6.7578,-1.2422000000000004
BA6,8.0,6.8633999999999995,-1.1366000000000005
BA6,8.0,7.285199999999999,-0.7148000000000012
BA6,8.0,7.834,-0.16600000000000037
BA6,8.0,6.7231999999999985,-1.2768000000000015
BA6,8.0,7.482999999999999,-0.5170000000000012
BA7,6.0,6.012,0.011999999999999567
BA7,6.0,6.152,0.15200000000000014
BA7,6.0,6.28,0.28000000000000025
BA7,6.0,6.021,0.020999999999999908
BA7,6.0,6.255,0.2549999999999999
BA7,6.0,6.252,0.2519999999999998
BA8,7.0,7.035999999999997,0.03599999999999692
BA8,7.0,7.097999999999997,0.0979999999999972
BA8,7.0,7.114399999999999,0.11439999999999895
BA8,7.0,7.123,0.12300000000000022
BA8,7.0,7.070599999999997,0.07059999999999711
BA8,7.0,7.146799999999997,0.14679999999999715
BA9,8.0,7.2463999999999995,-0.7536000000000005
BA9,8.0,7.0462,-0.9538000000000002
BA9,8.0,6.6624,-1.3376000000000001
BA9,8.0,7.355399999999998,-0.6446000000000023
BA9,8.0,6.735,-1.2649999999999997
BA11,6.0,6.422,0.4219999999999997
BA11,6.0,6.525999999999998,0.525999999999998
BA11,6.0,6.208399999999999,0.20839999999999925
BA11,6.0,6.2664,0.26639999999999997
BA11,6.0,6.3534,0.3533999999999997
BA11,6.0,6.543199999999999,0.5431999999999988
BA11,6.0,6.248399999999999,0.2483999999999993
BA11,6.0,6.1254,0.12539999999999996
BA11,6.0,6.277799999999999,0.27779999999999916
BA12,7.0,6.352399999999999,-0.6476000000000006
BA12,7.0,6.650599999999999,-0.34940000000000104
BA12,7.0,6.459,-0.5410000000000004
BA12,7.0,6.5788,-0.4211999999999998
BA12,7.0,6.6802,-0.31979999999999986
BA12,7.0,6.717399999999998,-0.2826000000000022
BA13,7.0,6.967199999999999,-0.03280000000000083
BA13,7.0,6.810199999999999,-0.18980000000000086
BA13,7.0,7.0249999999999995,0.024999999999999467
BA13,7.0,6.895799999999996,-0.10420000000000407
BA13,7.0,6.974999999999996,-0.025000000000003908
BA13,7.0,6.962599999999999,-0.037400000000000766
BA14,7.0,6.898799999999999,-0.10120000000000129
BA14,7.0,6.980999999999997,-0.019000000000002792
BA14,7.0,6.865199999999997,-0.13480000000000292
BA14,7.0,6.8893999999999975,-0.11060000000000247
BA14,7.0,7.077799999999997,0.0777999999999972
BA14,7.0,6.8846,-0.11540000000000017
BA14,7.0,6.631799999999999,-0.36820000000000075
BA14,7.0,6.851799999999999,-0.148200000000001
BA15,7.0,7.094799999999999,0.09479999999999933
BA15,7.0,6.903199999999994,-0.09680000000000621
BA15,7.0,7.099799999999998,0.09979999999999833
BA15,7.0,7.209199999999998,0.20919999999999828
BA15,7.0,7.008399999999997,0.008399999999997299
BA15,7.0,7.2276,0.2275999999999998
BA17,6.5,6.477,-0.022999999999999687
BA17,6.5,6.516,0.016000000000000014
BA17,6.5,6.706199999999999,0.20619999999999905
BA17,6.5,6.6256,0.12560000000000038
BA17,6.5,6.5034,0.0034000000000000696
BA17,6.5,6.625599999999999,0.1255999999999986
BA18,7.5,7.212599999999998,-0.28740000000000165
BA18,7.5,6.848799999999999,-0.6512000000000011
BA19,7.5,7.001199999999999,-0.498800000000001
BA19,7.5,6.8038,-0.6962000000000002
BA19,7.5,6.7766,-0.7233999999999998
BA19,7.5,6.5804,-0.9196
BA19,7.5,6.8988,-0.6012000000000004
BA19,7.5,6.809799999999999,-0.6902000000000008
BA19,7.5,6.626399999999999,-0.8736000000000006
BA19,7.5,7.2021999999999995,-0.2978000000000005
BA20,6.0,6.292,0.2919999999999998
BA20,6.0,6.083,0.08300000000000018
BA20,6.0,6.159,0.1589999999999998
BA20,6.0,6.5001999999999995,0.5001999999999995
BA20,6.0,6.673,0.673
BA20,6.0,6.7586,0.7586000000000004
BA20,6.0,6.859,0.859
BA21,7.5,6.9224,-0.5776000000000003
BA21,7.5,6.686199999999999,-0.8138000000000014
BA21,7.5,7.224399999999999,-0.27560000000000073
BA21,7.5,7.06,-0.4400000000000004
BA21,7.5,6.8984,-0.6016000000000004
BA21,7.5,6.5806000000000004,-0.9193999999999996
BA21,7.5,6.862599999999999,-0.6374000000000013
BA21,7.5,7.0346,-0.4653999999999998
BA22,7.2,7.058399999999975,-0.14160000000002526
BA22,7.2,7.065199999999978,-0.13480000000002246
BA22,7.2,7.171599999999984,-0.028400000000016412
BA23,6.0,6.6502,0.6501999999999999
BA23,6.0,6.749599999999995,0.7495999999999947
BA23,6.0,6.841799999999997,0.8417999999999974
BA23,6.0,6.876199999999997,0.8761999999999972
BA23,6.0,6.617599999999999,0.6175999999999986
BA23,6.0,6.477,0.4770000000000003
BA23,6.0,6.866799999999994,0.8667999999999942
BA23,6.0,6.9571999999999985,0.9571999999999985
BA23,6.0,6.5114,0.5114000000000001
BA24,6.0,6.649,0.649
BA24,6.0,6.016,0.016000000000000014
BA24,6.0,6.032,0.03200000000000003
BA24,6.0,6.02,0.019999999999999574
BA24,6.0,6.068,0.06799999999999962
BA24,6.0,6.045,0.04499999999999993
BA24,6.0,6.073,0.0730000000000004
BA24,6.0,6.068,0.06799999999999962
BA24,6.0,6.1533999999999995,0.15339999999999954
BA25,5.5,5.8374,0.3373999999999997
BA25,5.5,5.6494,0.14939999999999998
BA25,5.5,5.881399999999999,0.3813999999999993
BA25,5.5,5.776200000000001,0.2762000000000011
BA25,5.5,6.107,0.6070000000000002
BA25,5.5,5.827,0.32699999999999996
BA25,5.5,6.094399999999999,0.5943999999999994
BA25,5.5,6.2498,0.7497999999999996
BA25,5.5,6.1354,0.6353999999999997
BA26,6.5,6.644799999999999,0.14479999999999915
BA26,6.5,6.635199999999999,0.13519999999999932
BA26,6.5,6.598,0.09799999999999986
BA26,6.5,6.735,0.23500000000000032
BA26,6.5,6.611,0.11099999999999977
BA26,6.5,6.667799999999999,0.16779999999999884
BA26,6.5,6.4541999999999975,-0.045800000000002505
BA26,6.5,6.6145999999999985,0.11459999999999848
BA27,7.5,7.1425999999999945,-0.3574000000000055
BA27,7.5,7.047199999999996,-0.4528000000000043
BA27,7.5,7.310999999999998,-0.18900000000000183
BA28,5.5,6.006,0.5060000000000002
BA28,5.5,6.083199999999999,0.5831999999999988
BA28,5.5,5.9914,0.4913999999999996
BA28,5.5,5.727399999999999,0.22739999999999938
BA28,5.5,6.12,0.6200000000000001
BA28,5.5,6.2892,0.7892000000000001
BA28,5.5,5.788,0.28800000000000026
BA28,5.5,6.056199999999997,0.5561999999999969
BA28,5.5,6.309599999999999,0.8095999999999988
BA28,5.5,6.3458,0.8457999999999997
BA29,6.5,6.7128000000000005,0.21280000000000054
BA29,6.5,6.467,-0.03300000000000036
BA29,6.5,6.7868,0.2868000000000004
BA29,6.5,6.5564,0.056400000000000006
BA29,6.5,6.506600000000001,0.006600000000000605
BA29,6.5,6.576,0.07599999999999962
BA29,6.5,6.493399999999999,-0.006600000000000605
BA29,6.5,6.4276,-0.07240000000000002
BA29,6.5,6.638599999999999,0.1385999999999994
BA29,6.5,6.475,-0.025000000000000355
BA30,6.0,6.204,0.20399999999999974
BA30,6.0,6.1914,0.1913999999999998
BA30,6.0,6.1654,0.1654
BA30,6.0,6.2284,0.22839999999999971
BA30,6.0,6.226799999999999,0.226799999999999
BA30,6.0,6.2534,0.25340000000000007
BA30,6.0,6.402399999999999,0.4023999999999992
BA31,6.5,6.667,0.16699999999999982
BA31,6.5,6.620799999999999,0.12079999999999913
BA31,6.5,6.568,0.06799999999999962
BA31,6.5,6.483,-0.017000000000000348
BA32,6.0,6.3432,0.3432000000000004
BA32,6.0,6.2158,0.21579999999999977
BA32,6.0,6.051200000000001,0.05120000000000058
BA32,6.0,6.2374,0.23740000000000006
BA32,6.0,6.301999999999999,0.3019999999999987
BA32,6.0,6.5615999999999985,0.5615999999999985
BA32,6.0,6.1884,0.18839999999999968
BA32,6.0,6.385999999999998,0.38599999999999834
BA33,7.5,7.280799999999999,-0.21920000000000073
BA33,7.5,7.1944,-0.3056000000000001
BA33,7.5,7.035399999999999,-0.4646000000000008
BA33,7.5,6.9218,-0.5781999999999998
BA33,7.5,6.5678,-0.9321999999999999
BA33,7.5,7.0294,-0.47060000000000013
BA33,7.5,6.8618,-0.6382000000000003
BA34,7.0,6.947,-0.052999999999999936
BA34,7.0,6.905799999999999,-0.09420000000000073
BA34,7.0,7.4803999999999995,0.4803999999999995
BA34,7.0,6.889399999999999,-0.1106000000000007
BA34,7.0,6.6498,-0.35020000000000007
BA34,7.0,6.762,-0.23800000000000043
BA36,6.0,6.446999999999998,0.4469999999999983
BA36,6.0,6.1728,0.17279999999999962
BA36,6.0,6.421799999999999,0.4217999999999993
BA36,6.0,6.556799999999998,0.5567999999999982
BA37,7.0,6.927,-0.0730000000000004
BA37,7.0,6.8504,-0.1496000000000004
BA37,7.0,6.905399999999999,-0.09460000000000068
BA37,7.0,6.929799999999999,-0.0702000000000007
BA37,7.0,6.861,-0.13900000000000023
BA37,7.0,6.898,-0.10200000000000031
BA38,7.5,7.163200000000001,-0.3367999999999993
BA38,7.5,7.1084,-0.3916000000000004
BA38,7.5,7.351799999999999,-0.148200000000001
BA38,7.5,7.3721999999999985,-0.12780000000000147
BA38,7.5,7.3678,-0.1322000000000001
BA38,7.5,7.299799999999998,-0.20020000000000238
BA38,7.5,7.2954,-0.20460000000000012
BA38,7.5,7.376199999999999,-0.12380000000000102
BA38,7.5,7.359799999999999,-0.140200000000001
BA39,7.0,6.787999999999999,-0.21200000000000063
BA39,7.0,6.784199999999999,-0.21580000000000066
BA39,7.0,6.769,-0.23099999999999987
BA39,7.0,6.881399999999999,-0.1186000000000007
BA39,7.0,6.893199999999999,-0.10680000000000067
BA39,7.0,7.656,0.6559999999999997
BA39,7.0,6.7383999999999995,-0.2616000000000005
BA39,7.0,6.759399999999999,-0.2406000000000006
BA39,7.0,6.782799999999999,-0.21720000000000095
BA42,8.5,7.209199999999999,-1.2908000000000008
BA42,8.5,7.9788,-0.5212000000000003
BA42,8.5,8.157,-0.34299999999999997
BA42,8.5,8.366,-0.13400000000000034
BA42,8.5,6.6704,-1.8296000000000001
BA42,8.5,7.570600000000001,-0.9293999999999993
BA42,8.5,7.591799999999999,-0.9082000000000008
BA42,8.5,8.230599999999999,-0.26940000000000097
BA42,8.5,8.139,-0.36100000000000065
BA42,8.5,8.226,-0.27399999999999913
BA43,7.0,6.703999999999998,-0.29600000000000204
BA43,7.0,6.799799999999999,-0.2002000000000006
BA43,7.0,6.7536000000000005,-0.2463999999999995
BA43,7.0,6.778599999999999,-0.22140000000000093
BA43,7.0,6.6722,-0.32779999999999987
BA43,7.0,6.846,-0.15399999999999991
BA43,7.0,6.6934,-0.3066000000000004
BA43,7.0,6.840799999999999,-0.15920000000000112
BA43,7.0,6.781199999999999,-0.21880000000000077
BA43,7.0,6.6076,-0.3924000000000003
BA43,7.0,6.768199999999999,-0.23180000000000067
BA43,7.0,6.6014,-0.39860000000000007
BA43,7.0,6.715599999999999,-0.28440000000000065
BA43,7.0,6.687,-0.3129999999999997
BA44,7.5,7.22,-0.28000000000000025
BA44,7.5,7.259,-0.24099999999999966
BA44,7.5,7.34,-0.16000000000000014
BA44,7.5,7.0854,-0.4146000000000001
BA44,7.5,7.098,-0.40200000000000014
BA44,7.5,7.214,-0.2859999999999996
BA44,7.5,7.264,-0.23599999999999977
BA44,7.5,7.0388,-0.46119999999999983
BA44,7.5,7.114,-0.3860000000000001
BA46,6.0,6.6053999999999995,0.6053999999999995
BA46,6.0,6.3114,0.3113999999999999
BA46,6.0,6.3514,0.35139999999999993
BA46,6.0,6.2924,0.29239999999999977
BA46,6.0,6.4954,0.49540000000000006
BA46,6.0,6.204,0.20399999999999974
BA46,6.0,6.3134,0.3133999999999997
BA46,6.0,6.6174,0.6174
BA47,7.0,6.7543999999999995,-0.24560000000000048
BA47,7.0,6.666,-0.33399999999999963
BA47,7.0,6.847,-0.15299999999999958
BA47,7.0,6.8064,-0.1936
BA47,7.0,6.7894,-0.21060000000000034
BA47,7.0,6.6354,-0.36460000000000026
BA48,6.0,6.2446,0.24460000000000015
BA48,6.0,6.341799999999999,0.3417999999999992
BA48,6.0,6.1902,0.19019999999999992
BA48,6.0,6.46,0.45999999999999996
BA48,6.0,6.3957999999999995,0.3957999999999995
BA48,6.0,6.783,0.7830000000000004
BA48,6.0,6.6532,0.6532
BA48,6.0,6.702399999999998,0.7023999999999981
BA48,6.0,6.384799999999999,0.38479999999999936
BA48,6.0,6.3216,0.3216000000000001
BA49,6.0,6.446199999999999,0.44619999999999926
BA49,6.0,6.4668,0.4668000000000001
BA49,6.0,6.5804,0.5804
BA49,6.0,6.228800000000001,0.22880000000000056
BA49,6.0,6.203,0.2030000000000003
BA49,6.0,6.2686,0.26860000000000017
BA49,6.0,6.328999999999999,0.32899999999999885
BA49,6.0,6.3187999999999995,0.31879999999999953
BA50,7.0,6.6751999999999985,-0.32480000000000153
BA50,7.0,6.855799999999996,-0.1442000000000041
BA50,7.0,6.592999999999999,-0.4070000000000009
BA50,7.0,6.812799999999999,-0.1872000000000007
BA50,7.0,6.828999999999996,-0.17100000000000382
BA50,7.0,6.4588,-0.5411999999999999
BA50,7.0,6.8774,-0.12260000000000026
BA50,7.0,6.688599999999999,-0.3114000000000008
BA50,7.0,6.483,-0.5170000000000003
BA52,6.0,6.3568,0.3567999999999998
BA52,6.0,6.272,0.27200000000000024
BA52,6.0,6.272200000000001,0.27220000000000066
BA53,7.0,6.517399999999999,-0.4826000000000006
BA53,7.0,6.7776,-0.22240000000000038
BA53,7.0,6.847199999999999,-0.15280000000000094
BA53,7.0,6.911,-0.08900000000000041
BA53,7.0,6.791600000000001,-0.20839999999999925
BA56,5.0,5.652,0.6520000000000001
BA56,5.0,6.2972,1.2972000000000001
BA56,5.0,5.7154,0.7153999999999998
BA56,5.0,6.264,1.2640000000000002
BA56,5.0,5.977,0.9770000000000003
BA56,5.0,6.007,1.0069999999999997
BA57,7.0,6.7154,-0.2846000000000002
BA57,7.0,6.829,-0.17100000000000026
BA57,7.0,6.759,-0.24099999999999966
BA57,7.0,6.7688,-0.2312000000000003
BA57,7.0,6.8226,-0.17739999999999956
BA57,7.0,6.773,-0.2270000000000003
BA57,7.0,6.881999999999999,-0.11800000000000122
BA58,6.5,6.7344,0.23439999999999994
BA58,6.5,6.625,0.125
BA58,6.5,7.02,0.5199999999999996
BA58,6.5,6.7642,0.26419999999999977
BA58,6.5,6.9221999999999975,0.42219999999999747
BA58,6.5,6.831599999999998,0.3315999999999981
BA58,6.5,6.6692,0.16920000000000002
BA58,6.5,6.901,0.4009999999999998
BA58,6.5,6.7316,0.23160000000000025
BA58,6.5,6.7158,0.21579999999999977
BA58,6.5,6.877200000000001,0.3772000000000011
BA59,7.0,6.9414,-0.05860000000000021
BA59,7.0,6.863599999999999,-0.13640000000000096
BA59,7.0,6.8984,-0.10160000000000036
BA59,7.0,6.919599999999999,-0.08040000000000092
BA59,7.0,7.038799999999997,0.038799999999996615
BA59,7.0,6.750799999999998,-0.24920000000000186
BA60,5.5,6.3233999999999995,0.8233999999999995
BA60,5.5,5.7372000000000005,0.23720000000000052
BA60,5.5,6.3313999999999995,0.8313999999999995
BA60,5.5,6.442599999999999,0.9425999999999988
BA60,5.5,6.182199999999999,0.682199999999999
BA60,5.5,5.958,0.4580000000000002
BA60,5.5,6.5406,1.0406000000000004
BA61,7.5,7.4742,-0.025800000000000267
BA61,7.5,7.436999999999999,-0.06300000000000061
BA61,7.5,7.298599999999999,-0.20140000000000136
BA61,7.5,6.7874,-0.7126000000000001
BA61,7.5,7.053199999999999,-0.4468000000000014
BA61,7.5,7.5131999999999985,0.013199999999998546
BA61,7.5,7.333,-0.16699999999999982
BA61,7.5,7.339599999999999,-0.160400000000001
BA62,6.0,6.774799999999998,0.7747999999999982
BA62,6.0,6.213,0.21300000000000008
BA62,6.0,6.3774,0.37739999999999974
BA62,6.0,6.3942,0.39419999999999966
BA62,6.0,6.575199999999999,0.5751999999999988
BA62,6.0,6.563599999999999,0.5635999999999992
BA63,7.0,6.776800000000001,-0.2231999999999994
BA63,7.0,7.018999999999997,0.018999999999996575
BA63,7.0,7.043999999999998,0.04399999999999782
BA63,7.0,6.955199999999997,-0.04480000000000306
BA63,7.0,6.903199999999996,-0.09680000000000444
BA63,7.0,6.732999999999996,-0.2670000000000039
BA63,7.0,6.543199999999999,-0.4568000000000012
BA64,7.0,6.849,-0.1509999999999998
BA64,7.0,6.8808,-0.1192000000000002
BA64,7.0,6.7863999999999995,-0.21360000000000046
BA64,7.0,6.982399999999999,-0.017600000000000726
BA64,7.0,6.8388,-0.1612
BA64,7.0,6.785,-0.21499999999999986
BA65,8.0,7.8212,-0.17879999999999985
BA65,8.0,7.668399999999999,-0.3316000000000008
BA65,8.0,7.481,-0.5190000000000001
BA65,8.0,7.439199999999999,-0.5608000000000013
BA65,8.0,7.7492,-0.2507999999999999
BA65,8.0,7.327799999999995,-0.6722000000000046
BA65,8.0,6.752199999999999,-1.2478000000000007
BA65,8.0,7.748599999999999,-0.2514000000000012
BA65,8.0,7.619800000000001,-0.3801999999999994
BA66,7.0,6.964,-0.03599999999999959
BA66,7.0,6.914,-0.0860000000000003
BA66,7.0,6.94,-0.05999999999999961
BA66,7.0,6.905,-0.09499999999999975
BA66,7.0,6.935,-0.06500000000000039
BA68,6.0,6.595599999999999,0.5955999999999992
BA68,6.0,6.556,0.556
BA68,6.0,6.6742,0.6741999999999999
BA68,6.0,6.4136,0.41359999999999975
BA68,6.0,6.448799999999999,0.4487999999999994
BA68,6.0,6.301199999999999,0.3011999999999988
BA68,6.0,6.3584,0.3583999999999996
BA69,6.0,6.3668000000000005,0.36680000000000046
BA69,6.0,6.3001999999999985,0.30019999999999847
BA69,6.0,6.0774,0.07739999999999991
BA69,6.0,6.511599999999999,0.5115999999999987
BA69,6.0,6.3107999999999995,0.3107999999999995
BA69,6.0,6.0682,0.06820000000000004
BA69,6.0,6.1108,0.11080000000000023
BA70,5.0,5.34,0.33999999999999986
BA70,5.0,6.1065999999999985,1.1065999999999985
BA70,5.0,6.3595999999999995,1.3595999999999995
BA70,5.0,5.573200000000001,0.5732000000000008
BA70,5.0,6.899199999999999,1.8991999999999987
BA71,7.0,6.984799999999999,-0.01520000000000099
BA71,7.0,6.6384,-0.36160000000000014
BA71,7.0,6.974999999999999,-0.025000000000001243
BA71,7.0,6.6654,-0.3346
BA71,7.0,6.684599999999999,-0.31540000000000123
BA71,7.0,6.953599999999999,-0.04640000000000111
BA72,8.0,7.572599999999999,-0.42740000000000133
BA72,8.0,7.301,-0.6989999999999998
BA72,8.0,7.865,-0.1349999999999998
BA72,8.0,7.939,-0.06099999999999994
BA72,8.0,7.417599999999998,-0.5824000000000016
BA72,8.0,7.604,-0.3959999999999999
BA73,6.0,6.6194,0.6193999999999997
BA73,6.0,6.6274,0.6273999999999997
BA73,6.0,6.4983999999999975,0.4983999999999975
BA73,6.0,6.645399999999993,0.6453999999999933
BA73,6.0,6.2744,0.2744
BA73,6.0,6.397399999999999,0.3973999999999993
BA73,6.0,6.509399999999999,0.5093999999999994
BA73,6.0,6.339799999999999,0.33979999999999944
BA73,6.0,6.638799999999999,0.6387999999999989
BA73,6.0,6.3294,0.3293999999999997
BA73,6.0,6.673599999999995,0.6735999999999951
BA74,7.5,6.853599999999999,-0.6464000000000008
BA74,7.5,7.13,-0.3700000000000001
BA74,7.5,7.163,-0.33699999999999974
BA74,7.5,7.170799999999999,-0.32920000000000105
BA74,7.5,6.878199999999999,-0.6218000000000012
BA74,7.5,6.938399999999998,-0.5616000000000021
BA74,7.5,6.8351999999999995,-0.6648000000000005
BA75,7.5,7.211799999999999,-0.2882000000000007
BA75,7.5,7.280799999999999,-0.21920000000000073
BA75,7.5,7.176399999999998,-0.32360000000000166
BA75,7.5,7.1004,-0.3996000000000004
BA75,7.5,6.9285999999999985,-0.5714000000000015
BA75,7.5,6.7454,-0.7545999999999999
BA75,7.5,6.908,-0.5919999999999996
BA75,7.5,6.971799999999999,-0.5282000000000009
BA75,7.5,7.106799999999999,-0.3932000000000011
BA76,6.5,6.688,0.18799999999999972
BA76,6.5,6.749,0.24899999999999967
BA76,6.5,6.757599999999999,0.25759999999999916
BA76,6.5,6.668399999999999,0.16839999999999922
BA76,6.5,6.567,0.06700000000000017
BA76,6.5,6.740399999999999,0.24039999999999928
BA76,6.5,6.6814,0.1814
BA77,6.0,6.527399999999999,0.5273999999999992
BA77,6.0,6.245799999999999,0.24579999999999913
BA77,6.0,6.3262,0.32620000000000005
BA77,6.0,6.484799999999999,0.484799999999999
BA77,6.0,6.276800000000001,0.2768000000000006
BA77,6.0,6.4807999999999995,0.48079999999999945
BA77,6.0,6.566,0.5659999999999998
BA77,6.0,6.7608,0.7607999999999997
BA78,7.0,6.743399999999998,-0.2566000000000024
BA78,7.0,6.791,-0.20899999999999963
BA78,7.0,6.821199999999999,-0.17880000000000074
BA78,7.0,6.7264,-0.27360000000000007
BA78,7.0,6.768599999999998,-0.2314000000000016
BA78,7.0,6.8873999999999995,-0.11260000000000048
BA78,7.0,6.783199999999999,-0.216800000000001
BA79,7.0,6.8347999999999995,-0.16520000000000046
BA79,7.0,6.857399999999999,-0.14260000000000073
BA79,7.0,6.842599999999999,-0.15740000000000087
BA79,7.0,6.894399999999999,-0.1056000000000008
BA79,7.0,6.6541999999999994,-0.34580000000000055
BA79,7.0,6.906,-0.0940000000000003
BA79,7.0,6.8454,-0.1546000000000003
BA79,7.0,6.844,-0.1559999999999997
BA80,7.0,6.857799999999999,-0.14220000000000077
BA81,6.0,6.610199999999996,0.6101999999999963
BA81,6.0,6.178,0.17799999999999994
BA81,6.0,6.274,0.274
BA81,6.0,6.435,0.4349999999999996
BA81,6.0,6.725,0.7249999999999996
BA81,6.0,6.729799999999999,0.7297999999999991
BA81,6.0,6.432799999999999,0.4327999999999994
BA81,6.0,6.4594,0.4593999999999996
BA81,6.0,6.688199999999999,0.6881999999999993
BA82,8.0,7.376599999999999,-0.6234000000000011
BA82,8.0,6.862399999999999,-1.1376000000000008
BA82,8.0,6.871,-1.1289999999999996
BA82,8.0,6.8384,-1.1616
BA82,8.0,7.1084,-0.8916000000000004
BA82,8.0,7.360999999999998,-0.639000000000002
BA83,5.0,5.117,0.11699999999999999
BA83,5.0,5.4116,0.41159999999999997
BA83,5.0,5.509600000000001,0.5096000000000007
BA83,5.0,5.9464,0.9463999999999997
BA84,7.0,6.787599999999992,-0.2124000000000077
BA84,7.0,6.5922,-0.40779999999999994
BA84,7.0,6.6902,-0.3098000000000001
BA84,7.0,6.632,-0.3680000000000003
BA84,7.0,6.746599999999998,-0.25340000000000185
BA84,7.0,6.892799999999999,-0.10720000000000063
BA84,7.0,6.8464,-0.15359999999999996
BA85,7.0,6.543999999999999,-0.4560000000000013
BA85,7.0,7.043399999999995,0.043399999999994776
BA85,7.0,6.3988000000000005,-0.6011999999999995
BA85,7.0,7.011799999999994,0.011799999999993815
BA85,7.0,7.035599999999999,0.035599999999998744
BA85,7.0,6.937799999999999,-0.0622000000000007
BA85,7.0,6.828199999999999,-0.17180000000000106
BA85,7.0,7.054999999999998,0.05499999999999794
BA86,6.5,6.717999999999998,0.2179999999999982
BA86,6.5,6.747999999999998,0.24799999999999844
BA86,6.5,6.571199999999999,0.07119999999999926
BA86,6.5,6.6478,0.14780000000000015
BA86,6.5,6.573,0.0730000000000004
BA86,6.5,6.639799999999998,0.13979999999999837
BA86,6.5,6.557799999999999,0.05779999999999941
BA86,6.5,6.9689999999999985,0.46899999999999853
BA87,6.0,6.2184,0.21839999999999993
BA87,6.0,6.1284,0.12840000000000007
BA87,6.0,6.264399999999999,0.2643999999999993
BA87,6.0,6.463799999999999,0.4637999999999991
BA87,6.0,6.663,0.6630000000000003
BA87,6.0,6.4846,0.48460000000000036
BA87,6.0,6.576799999999997,0.5767999999999969
BA89,8.0,7.479799999999997,-0.5202000000000027
BA89,8.0,7.889799999999999,-0.11020000000000074
BA89,8.0,7.711599999999997,-0.2884000000000029
BA89,8.0,7.858399999999999,-0.14160000000000128
BA89,8.0,7.803199999999999,-0.19680000000000142
BA89,8.0,7.742799999999999,-0.257200000000001
BA90,7.0,6.96,-0.040000000000000036
BA90,7.0,6.9794,-0.02059999999999995
BA90,7.0,6.8668,-0.13320000000000043
BA90,7.0,6.976,-0.02400000000000002
BA90,7.0,6.94,-0.05999999999999961
BA90,7.0,6.842,-0.15800000000000036
BA1,7.0,6.619,-0.3810000000000002
BA1,7.0,6.7524,-0.24760000000000026
BA1,7.0,6.671199999999999,-0.3288000000000011
BA1,7.0,6.637999999999998,-0.3620000000000019
BA1,7.0,6.644,-0.35599999999999987
BA1,7.0,6.736199999999999,-0.2638000000000007
BA1,7.0,6.918399999999999,-0.08160000000000078
BA1,7.0,6.8214,-0.17860000000000031
BA1,7.0,6.772399999999999,-0.2276000000000007
BA1,7.0,6.682799999999999,-0.3172000000000006
BA1,7.0,6.9434,-0.05660000000000043
BA2,7.0,6.792599999999997,-0.20740000000000336
BA2,7.0,7.0718,0.07179999999999964
BA2,7.0,6.6338,-0.3662000000000001
BA2,7.0,7.100799999999999,0.10079999999999867
BA2,7.0,6.623399999999999,-0.3766000000000007
BA2,7.0,6.8292,-0.17079999999999984
BA2,7.0,7.007599999999998,0.007599999999998275
BA2,7.0,7.2654,0.26539999999999964
BA3,7.0,6.8362,-0.16380000000000017
BA3,7.0,6.896999999999999,-0.10300000000000065
BA3,7.0,7.018800000000001,0.018800000000000594
BA3,7.0,6.902,-0.09799999999999986
BA3,7.0,6.684399999999999,-0.31560000000000077
BA3,7.0,6.873999999999999,-0.12600000000000122
BA3,7.0,6.654799999999999,-0.34520000000000106
BA4,8.0,7.509599999999998,-0.49040000000000195
BA4,8.0,7.499599999999998,-0.5004000000000017
BA4,8.0,7.4285999999999985,-0.5714000000000015
BA4,8.0,7.205199999999998,-0.7948000000000022
BA4,8.0,7.383,-0.617
BA4,8.0,7.306999999999999,-0.6930000000000014
BA4,8.0,7.170199999999998,-0.8298000000000023
BA4,8.0,7.3027999999999995,-0.6972000000000005
BA4,8.0,7.550800000000001,-0.4491999999999994
BA4,8.0,7.4978,-0.5022000000000002
BA5,6.0,6.477199999999999,0.47719999999999896
BA5,6.0,6.085,0.08499999999999996
BA5,6.0,6.652,0.6520000000000001
BA5,6.0,6.2204,0.2203999999999997
BA5,6.0,6.232399999999999,0.23239999999999927
BA5,6.0,6.102,0.10200000000000031
BA6,8.0,6.9274,-1.0726000000000004
BA6,8.0,7.7374,-0.26259999999999994
BA6,8.0,6.8304,-1.1696
BA6,8.0,7.311,-0.6890000000000001
BA6,8.0,7.4434,-0.5566000000000004
BA6,8.0,7.248399999999999,-0.7516000000000007
BA6,8.0,7.703,-0.2969999999999997
BA6,8.0,7.854,-0.1459999999999999
BA7,6.0,6.146,0.1459999999999999
BA7,6.0,6.039,0.0389999999999997
BA7,6.0,6.173,0.17300000000000004
BA7,6.0,6.151,0.1509999999999998
BA7,6.0,6.5824,0.5823999999999998
BA7,6.0,6.1533999999999995,0.15339999999999954
BA8,7.0,7.179399999999998,0.17939999999999756
BA8,7.0,6.877199999999998,-0.12280000000000157
BA8,7.0,6.952599999999999,-0.04740000000000144
BA8,7.0,6.934399999999999,-0.06560000000000077
BA8,7.0,6.998799999999999,-0.001200000000000756
BA8,7.0,6.992599999999999,-0.0074000000000014055
BA8,7.0,6.959199999999999,-0.040800000000000836
BA8,7.0,6.826,-0.17400000000000038
BA8,7.0,6.9994,-0.000600000000000378
BA9,8.0,7.1414,-0.8586
BA9,8.0,7.093799999999998,-0.9062000000000019
BA9,8.0,7.197999999999996,-0.802000000000004
BA9,8.0,6.7414,-1.2586000000000004
BA9,8.0,7.003799999999997,-0.9962000000000026
BA9,8.0,7.150799999999999,-0.8492000000000006
BA9,8.0,7.264399999999997,-0.7356000000000034
BA11,6.0,6.662799999999999,0.662799999999999
BA11,6.0,6.2882,0.2881999999999998
BA11,6.0,6.4304,0.43039999999999967
BA11,6.0,6.428,0.42799999999999994
BA11,6.0,6.532799999999999,0.532799999999999
BA11,6.0,6.610399999999999,0.6103999999999994
BA11,6.0,6.288,0.28800000000000026
BA11,6.0,6.368,0.3680000000000003
BA11,6.0,6.324,0.32399999999999984
BA11,6.0,6.252,0.2519999999999998
BA11,6.0,6.336,0.3360000000000003
BA11,6.0,6.257,0.2569999999999997
BA11,6.0,6.098,0.09799999999999986
BA12,7.0,6.5884,-0.41159999999999997
BA12,7.0,6.5078,-0.4922000000000004
BA12,7.0,6.6266,-0.3734000000000002
BA12,7.0,6.693599999999999,-0.3064000000000009
BA12,7.0,6.493399999999999,-0.5066000000000006
BA12,7.0,6.652,-0.34799999999999986
BA12,7.0,6.7311999999999985,-0.2688000000000015
BA13,7.0,6.966599999999999,-0.033400000000001207
BA13,7.0,7.0078000000000005,0.007800000000000473
BA13,7.0,6.880199999999998,-0.11980000000000235
BA13,7.0,6.877399999999999,-0.12260000000000115
BA13,7.0,6.982999999999998,-0.017000000000002125
BA13,7.0,6.948399999999998,-0.05160000000000231
BA13,7.0,6.964999999999998,-0.03500000000000192
BA14,7.0,7.0779999999999985,0.07799999999999851
BA14,7.0,7.064199999999999,0.0641999999999987
BA14,7.0,7.079999999999998,0.0799999999999983
BA14,7.0,6.970999999999998,-0.02900000000000169
BA14,7.0,6.6948,-0.30520000000000014
BA14,7.0,6.8466,-0.15340000000000042
BA14,7.0,6.930199999999999,-0.06980000000000075
BA14,7.0,6.876399999999999,-0.1236000000000006
BA14,7.0,7.072399999999999,0.07239999999999913
BA15,7.0,7.0656,0.06559999999999988
BA15,7.0,7.033999999999998,0.03399999999999803
BA15,7.0,7.102,0.10200000000000031
BA15,7.0,7.190799999999998,0.19079999999999764
BA15,7.0,7.1693999999999996,0.16939999999999955
BA15,7.0,7.014,0.014000000000000234
BA15,7.0,7.030799999999994,0.030799999999993943
BA15,7.0,6.787,-0.21300000000000008
BA17,6.5,6.5203999999999995,0.02039999999999953
BA17,6.5,6.5882,0.08819999999999961
BA17,6.5,6.5826,0.08260000000000023
BA17,6.5,6.9328,0.4328000000000003
BA17,6.5,6.588,0.08800000000000008
BA17,6.5,6.5954,0.09539999999999971
BA17,6.5,6.5607999999999995,0.06079999999999952
BA18,7.5,6.881199999999999,-0.6188000000000011
BA18,7.5,6.801,-0.6989999999999998
BA18,7.5,7.065,-0.4349999999999996
BA18,7.5,7.0724,-0.4276
BA18,7.5,7.067799999999999,-0.4322000000000008
BA18,7.5,6.6728,-0.8272000000000004
BA18,7.5,7.126200000000001,-0.37379999999999924
BA18,7.5,7.253799999999999,-0.24620000000000086
BA19,7.5,6.7984,-0.7016
BA19,7.5,6.778200000000001,-0.7217999999999991
BA19,7.5,6.677999999999998,-0.8220000000000018
BA19,7.5,6.3082,-1.1917999999999997
BA19,7.5,7.142799999999999,-0.35720000000000063
BA19,7.5,6.827999999999999,-0.6720000000000006
BA19,7.5,6.9604,-0.5396000000000001
BA19,7.5,6.848,-0.6520000000000001
BA20,6.0,6.1692,0.16920000000000002
BA20,6.0,6.3915999999999995,0.3915999999999995
BA20,6.0,6.5158,0.5157999999999996
BA20,6.0,6.503199999999999,0.5031999999999988
BA20,6.0,6.358599999999998,0.35859999999999825
BA20,6.0,7.173799999999998,1.1737999999999982
BA20,6.0,6.349200000000001,0.3492000000000006
BA21,7.5,6.8,-0.7000000000000002
BA21,7.5,6.700599999999999,-0.7994000000000012
BA21,7.5,6.9129999999999985,-0.5870000000000015
BA21,7.5,7.261,-0.23899999999999988
BA22,7.2,7.138599999999991,-0.06140000000000878
BA22,7.2,6.872599999999993,-0.327400000000007
BA22,7.2,7.042599999999979,-0.1574000000000213
BA22,7.2,6.821799999999993,-0.37820000000000675
BA22,7.2,6.860399999999987,-0.3396000000000132
BA22,7.2,7.094999999999984,-0.10500000000001641
BA22,7.2,6.890199999999997,-0.30980000000000274
BA22,7.2,6.488599999999999,-0.7114000000000011
BA22,7.2,7.010599999999986,-0.18940000000001422
BA22,7.2,7.0783999999999745,-0.12160000000002569
BA22,7.2,6.945599999999996,-0.25440000000000396
BA22,7.2,7.0519999999999845,-0.14800000000001567
BA22,7.2,7.019599999999984,-0.18040000000001655
BA23,6.0,6.976599999999999,0.9765999999999986
BA23,6.0,6.458399999999999,0.45839999999999925
BA23,6.0,6.674399999999998,0.6743999999999977
BA23,6.0,6.963799999999999,0.9637999999999991
BA23,6.0,6.587200000000001,0.587200000000001
BA23,6.0,6.6494,0.6494
BA24,6.0,6.047,0.04699999999999971
BA24,6.0,6.029,0.028999999999999915
BA24,6.0,6.4193999999999996,0.41939999999999955
BA24,6.0,6.227,0.2270000000000003
BA24,6.0,6.422,0.4219999999999997
BA25,5.5,5.6141999999999985,0.11419999999999852
BA25,5.5,5.7638,0.2637999999999998
BA25,5.5,6.1974,0.6974
BA25,5.5,5.900399999999999,0.4003999999999994
BA25,5.5,5.867,0.367
BA25,5.5,6.042,0.5419999999999998
BA26,6.5,6.805,0.3049999999999997
BA26,6.5,6.6514,0.15139999999999976
BA26,6.5,6.642399999999999,0.14239999999999942
BA26,6.5,6.5436000000000005,0.04360000000000053
BA26,6.5,6.8186,0.3186
BA26,6.5,6.379,-0.12100000000000044
BA26,6.5,6.618399999999999,0.1183999999999994
BA27,7.5,7.0958,-0.40420000000000034
BA28,5.5,6.1038,0.6037999999999997
BA28,5.5,6.3418,0.8418000000000001
BA28,5.5,5.7502,0.2502000000000004
BA28,5.5,6.139,0.6390000000000002
BA28,5.5,5.987,0.4870000000000001
BA28,5.5,5.898399999999998,0.39839999999999787
BA28,5.5,6.071,0.5709999999999997
BA29,6.5,6.5054,0.005399999999999849
BA29,6.5,6.568,0.06799999999999962
BA29,6.5,6.6823999999999995,0.18239999999999945
BA29,6.5,6.563,0.06299999999999972
BA29,6.5,6.408399999999999,-0.09160000000000057
BA29,6.5,6.564,0.06400000000000006
BA29,6.5,6.5648,0.06479999999999997
BA29,6.5,6.6537999999999995,0.1537999999999995
BA29,6.5,6.697,0.19700000000000006
BA29,6.5,6.527399999999999,0.027399999999999203
BA29,6.5,6.5058,0.005799999999999805
BA30,6.0,6.582799999999999,0.5827999999999989
BA30,6.0,6.342,0.34199999999999964
BA30,6.0,6.327,0.32699999999999996
BA30,6.0,6.4033999999999995,0.40339999999999954
BA30,6.0,6.335,0.33499999999999996
BA30,6.0,6.231,0.23099999999999987
BA30,6.0,6.214,0.2140000000000004
BA31,6.5,6.545799999999999,0.04579999999999895
BA31,6.5,6.4643999999999995,-0.03560000000000052
BA31,6.5,6.4378,-0.06219999999999981
BA31,6.5,6.1558,-0.34419999999999984
BA31,6.5,6.280399999999999,-0.21960000000000068
BA32,6.0,6.234,0.23399999999999999
BA32,6.0,6.404,0.4039999999999999
BA32,6.0,6.206,0.2060000000000004
BA32,6.0,6.747399999999998,0.7473999999999981
BA32,6.0,6.274599999999999,0.2745999999999986
BA32,6.0,6.2954,0.2953999999999999
BA32,6.0,6.4803999999999995,0.4803999999999995
BA32,6.0,6.3484,0.3483999999999998
BA32,6.0,6.650799999999999,0.6507999999999994
BA33,7.5,7.09,-0.41000000000000014
BA33,7.5,6.577599999999999,-0.9224000000000014
BA33,7.5,7.1708,-0.32920000000000016
BA33,7.5,6.735600000000001,-0.7643999999999993
BA33,7.5,6.7623999999999995,-0.7376000000000005
BA33,7.5,6.783999999999998,-0.716000000000002
BA33,7.5,6.5874,-0.9126000000000003
BA33,7.5,6.7894000000000005,-0.7105999999999995
BA33,7.5,6.801799999999999,-0.6982000000000008
BA33,7.5,6.725599999999998,-0.7744000000000018
BA34,7.0,7.058,0.05799999999999983
BA34,7.0,6.951,-0.04900000000000038
BA34,7.0,6.7814,-0.21860000000000035
BA34,7.0,6.912,-0.08800000000000008
BA35,6.5,6.509799999999999,0.009799999999999365
BA35,6.5,6.433,-0.06700000000000017
BA35,6.5,6.395,-0.10500000000000043
BA36,6.0,6.5245999999999995,0.5245999999999995
BA36,6.0,6.6036,0.6036000000000001
BA36,6.0,6.5566,0.5566000000000004
BA36,6.0,6.7543999999999995,0.7543999999999995
BA37,7.0,6.818,-0.18200000000000038
BA37,7.0,6.945,-0.054999999999999716
BA37,7.0,6.967,-0.03300000000000036
BA37,7.0,6.9323999999999995,-0.06760000000000055
BA37,7.0,6.977,-0.022999999999999687
BA37,7.0,6.9643999999999995,-0.03560000000000052
BA37,7.0,6.964,-0.03599999999999959
BA37,7.0,6.898,-0.10200000000000031
BA38,7.5,7.306999999999996,-0.19300000000000406
BA38,7.5,7.229,-0.2709999999999999
BA38,7.5,7.410399999999999,-0.08960000000000079
BA38,7.5,7.413799999999999,-0.08620000000000072
BA38,7.5,7.389999999999998,-0.1100000000000021
BA39,7.0,6.698,-0.3019999999999996
BA39,7.0,6.944,-0.05600000000000005
BA39,7.0,6.686,-0.31400000000000006
BA39,7.0,6.7147999999999985,-0.28520000000000145
BA39,7.0,6.7894,-0.21060000000000034
BA39,7.0,6.8224,-0.17759999999999998
BA42,8.5,8.1304,-0.36960000000000015
BA42,8.5,8.2218,-0.2782
BA42,8.5,8.076,-0.4239999999999995
BA42,8.5,8.116,-0.38400000000000034
BA42,8.5,7.824599999999999,-0.6754000000000007
BA42,8.5,8.082199999999998,-0.4178000000000015
BA43,7.0,6.819399999999999,-0.18060000000000098
BA43,7.0,6.758,-0.242
BA43,7.0,6.7254,-0.2746000000000004
BA43,7.0,6.808,-0.19200000000000017
BA43,7.0,6.842200000000001,-0.15779999999999905
BA43,7.0,6.7734,-0.22660000000000036
BA44,7.5,7.215,-0.28500000000000014
BA44,7.5,6.811799999999999,-0.688200000000001
BA46,6.0,7.0687999999999995,1.0687999999999995
BA46,6.0,6.436,0.43599999999999994
BA46,6.0,6.363,0.36300000000000043
BA46,6.0,6.7048,0.7047999999999996
BA47,7.0,6.716,-0.2839999999999998
BA47,7.0,6.7494,-0.2506000000000004
BA47,7.0,6.805,-0.19500000000000028
BA47,7.0,6.805,-0.19500000000000028
BA47,7.0,7.052,0.0519999999999996
BA47,7.0,6.8594,-0.14060000000000006
BA48,6.0,6.154,0.15399999999999991
BA48,6.0,6.526800000000001,0.5268000000000006
BA48,6.0,6.3188,0.3188000000000004
BA48,6.0,6.3834,0.38339999999999996
BA48,6.0,6.1194,0.11939999999999973
BA49,6.0,6.253400000000001,0.25340000000000096
BA49,6.0,6.2634,0.26339999999999986
BA49,6.0,6.275799999999999,0.2757999999999994
BA49,6.0,6.333399999999999,0.33339999999999925
BA49,6.0,6.265,0.2649999999999997
BA49,6.0,6.479599999999999,0.4795999999999987
BA50,7.0,6.858199999999999,-0.14180000000000081
BA50,7.0,6.774,-0.22599999999999998
BA50,7.0,6.744199999999999,-0.2558000000000007
BA50,7.0,6.967999999999998,-0.032000000000001805
BA50,7.0,6.576199999999999,-0.42380000000000084
BA50,7.0,6.7688,-0.2312000000000003
BA51,6.0,6.341399999999999,0.34139999999999926
BA51,6.0,6.5306,0.5305999999999997
BA52,6.0,6.4382,0.43820000000000014
BA52,6.0,6.6869999999999985,0.6869999999999985
BA52,6.0,6.201,0.20099999999999962
BA52,6.0,6.658,0.6580000000000004
BA52,6.0,6.357399999999999,0.3573999999999993
BA52,6.0,6.389399999999999,0.3893999999999993
BA52,6.0,6.5904,0.5903999999999998
BA52,6.0,6.147399999999999,0.1473999999999993
BA53,7.0,6.707200000000001,-0.29279999999999884
BA53,7.0,6.959200000000001,-0.04079999999999906
BA53,7.0,6.884599999999999,-0.11540000000000106
BA53,7.0,6.724999999999999,-0.27500000000000124
BA53,7.0,6.802599999999998,-0.1974000000000018
BA53,7.0,6.921199999999999,-0.07880000000000109
BA56,5.0,6.325799999999999,1.3257999999999992
BA56,5.0,6.2984,1.2984
BA56,5.0,6.1494,1.1494
BA56,5.0,5.6048,0.6048
BA56,5.0,6.440799999999999,1.4407999999999994
BA56,5.0,6.06,1.0599999999999996
BA56,5.0,6.0424,1.0423999999999998
BA56,5.0,5.856,0.8559999999999999
BA57,7.0,6.6453999999999995,-0.35460000000000047
BA57,7.0,6.8086,-0.1913999999999998
BA57,7.0,6.844399999999999,-0.15560000000000063
BA57,7.0,6.745799999999999,-0.25420000000000087
BA57,7.0,6.779,-0.22100000000000009
BA57,7.0,7.046199999999999,0.04619999999999891
BA57,7.0,6.874199999999999,-0.1258000000000008
BA57,7.0,6.6512,-0.3487999999999998
BA57,7.0,7.068,0.06799999999999962
BA58,6.5,6.8824,0.38239999999999963
BA58,6.5,6.6408000000000005,0.14080000000000048
BA58,6.5,6.871,0.37100000000000044
BA58,6.5,7.010399999999999,0.5103999999999989
BA58,6.5,6.7814,0.28139999999999965
BA58,6.5,6.7223999999999995,0.2223999999999995
BA59,7.0,6.617799999999999,-0.382200000000001
BA59,7.0,6.900999999999998,-0.09900000000000198
BA59,7.0,6.759399999999999,-0.2406000000000006
BA59,7.0,6.931799999999999,-0.06820000000000093
BA59,7.0,6.655199999999999,-0.3448000000000011
BA59,7.0,6.947599999999999,-0.052400000000001334
BA59,7.0,6.7902,-0.20980000000000043
BA59,7.0,7.034199999999997,0.03419999999999668
BA59,7.0,6.6944,-0.3056000000000001
BA60,5.5,5.9281999999999995,0.42819999999999947
BA60,5.5,6.4434,0.9433999999999996
BA60,5.5,5.94,0.4400000000000004
BA60,5.5,6.3434,0.8433999999999999
BA60,5.5,6.012,0.5119999999999996
BA60,5.5,6.1053999999999995,0.6053999999999995
BA60,5.5,6.1952,0.6951999999999998
BA61,7.5,7.368399999999999,-0.1316000000000006
BA61,7.5,7.422199999999999,-0.07780000000000076
BA61,7.5,7.151,-0.3490000000000002
BA61,7.5,7.219399999999999,-0.2806000000000006
BA62,6.0,6.3438,0.3437999999999999
BA62,6.0,6.5344,0.5343999999999998
BA62,6.0,6.5548,0.5548000000000002
BA62,6.0,7.102999999999995,1.1029999999999953
BA62,6.0,6.696599999999997,0.6965999999999974
BA62,6.0,6.645399999999998,0.6453999999999978
BA63,7.0,6.8768,-0.12319999999999975
BA63,7.0,6.913399999999999,-0.08660000000000068
BA63,7.0,6.903800000000001,-0.09619999999999873
BA63,7.0,6.845200000000001,-0.15479999999999894
BA63,7.0,6.824399999999998,-0.17560000000000198
BA63,7.0,6.7349999999999985,-0.26500000000000146
BA63,7.0,6.723799999999999,-0.2762000000000011
BA64,7.0,6.879,-0.12100000000000044
BA64,7.0,6.905399999999999,-0.09460000000000068
BA64,7.0,6.9234,-0.0766
BA64,7.0,6.9394,-0.06059999999999999
BA64,7.0,6.971199999999999,-0.02880000000000127
BA64,7.0,6.8424,-0.1576000000000004
BA64,7.0,6.804799999999999,-0.1952000000000007
BA64,7.0,6.828399999999999,-0.17160000000000064
BA64,7.0,6.645199999999999,-0.3548000000000009
BA65,8.0,7.408999999999998,-0.591000000000002
BA65,8.0,6.824599999999999,-1.1754000000000007
BA65,8.0,7.345199999999999,-0.6548000000000007
BA65,8.0,7.8424,-0.1576000000000004
BA65,8.0,7.621999999999998,-0.3780000000000019
BA66,7.0,6.815,-0.1849999999999996
BA66,7.0,6.924,-0.07599999999999962
BA66,7.0,6.985,-0.01499999999999968
BA66,7.0,6.975,-0.025000000000000355
BA66,7.0,6.999,-0.001000000000000334
BA68,6.0,6.394799999999999,0.39479999999999915
BA68,6.0,6.482,0.4820000000000002
BA68,6.0,6.421,0.42100000000000026
BA68,6.0,6.224200000000001,0.22420000000000062
BA68,6.0,6.275399999999999,0.2753999999999994
BA69,6.0,6.5558,0.5557999999999996
BA69,6.0,6.0584,0.058399999999999785
BA69,6.0,6.185599999999999,0.1855999999999991
BA69,6.0,6.041,0.04100000000000037
BA69,6.0,6.1084,0.10839999999999961
BA69,6.0,5.9963999999999995,-0.0036000000000004917
BA69,6.0,6.0564,0.056400000000000006
BA70,5.0,5.360399999999999,0.3603999999999994
BA70,5.0,5.2634,0.26339999999999986
BA70,5.0,6.25,1.25
BA70,5.0,5.801,0.8010000000000002
BA70,5.0,6.434,1.4340000000000002
BA70,5.0,6.0676,1.0675999999999997
BA70,5.0,6.0722,1.0721999999999996
BA71,7.0,6.748999999999998,-0.2510000000000021
BA71,7.0,6.732799999999997,-0.26720000000000343
BA71,7.0,6.892799999999999,-0.10720000000000063
BA71,7.0,6.944399999999999,-0.05560000000000098
BA72,8.0,6.594799999999999,-1.4052000000000007
BA72,8.0,7.9684,-0.03160000000000007
BA72,8.0,7.648599999999998,-0.3514000000000017
BA72,8.0,7.721799999999997,-0.27820000000000267
BA72,8.0,7.717999999999998,-0.2820000000000018
BA72,8.0,7.631600000000001,-0.3683999999999994
BA72,8.0,7.586799999999999,-0.4132000000000007
BA73,6.0,6.372399999999998,0.37239999999999807
BA73,6.0,6.307600000000001,0.30760000000000076
BA73,6.0,6.346199999999999,0.34619999999999873
BA73,6.0,6.300800000000001,0.3008000000000006
BA73,6.0,6.643,0.6429999999999998
BA73,6.0,6.4868,0.4867999999999997
BA73,6.0,6.251799999999999,0.25179999999999936
BA73,6.0,6.198,0.1980000000000004
BA73,6.0,6.702599999999999,0.7025999999999986
BA73,6.0,6.387599999999996,0.3875999999999964
BA74,7.5,6.894199999999999,-0.6058000000000012
BA74,7.5,7.125799999999999,-0.374200000000001
BA74,7.5,7.1334,-0.36660000000000004
BA74,7.5,6.794199999999999,-0.7058000000000009
BA74,7.5,7.181799999999999,-0.3182000000000009
BA74,7.5,7.077799999999999,-0.422200000000001
BA74,7.5,7.052,-0.4480000000000004
BA75,7.5,6.692200000000001,-0.8077999999999994
BA75,7.5,6.671,-0.8289999999999997
BA75,7.5,7.066799999999999,-0.43320000000000114
BA75,7.5,6.856399999999999,-0.6436000000000011
BA75,7.5,7.2017999999999995,-0.29820000000000046
BA75,7.5,6.853,-0.6470000000000002
BA75,7.5,7.3108,-0.1891999999999996
BA76,6.5,6.670800000000001,0.17080000000000073
BA76,6.5,6.6204,0.12040000000000006
BA76,6.5,6.521,0.020999999999999908
BA77,6.0,6.2052,0.2051999999999996
BA77,6.0,6.1528,0.15280000000000005
BA77,6.0,6.3724,0.37239999999999984
BA77,6.0,6.475,0.47499999999999964
BA77,6.0,6.597799999999999,0.5977999999999994
BA77,6.0,6.176,0.17600000000000016
BA77,6.0,6.6114,0.6113999999999997
BA77,6.0,6.6858,0.6858000000000004
BA77,6.0,6.31,0.3099999999999996
BA78,7.0,6.886,-0.11399999999999988
BA78,7.0,6.724399999999999,-0.27560000000000073
BA78,7.0,6.793199999999999,-0.2068000000000012
BA78,7.0,6.7242,-0.27580000000000027
BA78,7.0,6.6894,-0.3106
BA78,7.0,6.7844,-0.21560000000000024
BA78,7.0,6.7646,-0.23540000000000028
BA78,7.0,6.5618,-0.43820000000000014
BA79,7.0,6.891,-0.10899999999999999
BA79,7.0,6.916,-0.08399999999999963
BA79,7.0,6.8153999999999995,-0.18460000000000054
BA79,7.0,6.990799999999999,-0.009200000000000763
BA80,7.0,6.9574,-0.04260000000000019
BA80,7.0,6.7798,-0.22020000000000017
BA80,7.0,6.7634,-0.23660000000000014
BA80,7.0,6.7658,-0.2342000000000004
BA80,7.0,6.7984,-0.2016
BA80,7.0,6.867,-0.133
BA81,6.0,6.523599999999999,0.5235999999999992
BA81,6.0,6.5616,0.5616000000000003
BA81,6.0,6.5078,0.5077999999999996
BA81,6.0,6.291,0.29100000000000037
BA81,6.0,6.2424,0.24239999999999995
BA81,6.0,6.1743999999999994,0.17439999999999944
BA81,6.0,6.209,0.20899999999999963
BA81,6.0,6.166399999999999,0.16639999999999944
BA81,6.0,6.263,0.2629999999999999
BA81,6.0,6.1804,0.18039999999999967
BA82,8.0,7.440999999999995,-0.5590000000000046
BA82,8.0,7.071399999999999,-0.9286000000000012
BA82,8.0,7.241799999999998,-0.7582000000000022
BA82,8.0,6.900999999999998,-1.099000000000002
BA82,8.0,7.421,-0.5789999999999997
BA82,8.0,6.784199999999999,-1.2158000000000007
BA82,8.0,6.673799999999999,-1.326200000000001
BA82,8.0,6.6964,-1.3036000000000003
BA82,8.0,7.1052,-0.8948
BA83,5.0,5.145,0.14499999999999957
BA83,5.0,5.152,0.15200000000000014
BA83,5.0,5.288,0.28800000000000026
BA83,5.0,5.556799999999999,0.5567999999999991
BA83,5.0,5.668,0.6680000000000001
BA83,5.0,5.772,0.7720000000000002
BA83,5.0,6.311799999999999,1.311799999999999
BA83,5.0,6.013799999999999,1.013799999999999
BA83,5.0,5.884399999999999,0.8843999999999994
BA83,5.0,6.0046,1.0046
BA84,7.0,7.175399999999995,0.17539999999999534
BA84,7.0,7.0327999999999955,0.0327999999999955
BA84,7.0,6.765200000000001,-0.234799999999999
BA84,7.0,6.9074,-0.09260000000000002
BA84,7.0,6.768199999999999,-0.23180000000000067
BA84,7.0,6.841,-0.1589999999999998
BA84,7.0,6.794599999999998,-0.2054000000000018
BA84,7.0,6.795199999999999,-0.20480000000000143
BA84,7.0,6.947399999999996,-0.05260000000000442
BA85,7.0,6.945199999999999,-0.05480000000000107
BA85,7.0,7.049599999999999,0.04959999999999898
BA85,7.0,6.9382,-0.061799999999999855
BA85,7.0,6.987799999999997,-0.012200000000002653
BA85,7.0,7.011399999999997,0.011399999999997412
BA85,7.0,6.977999999999999,-0.02200000000000113
BA85,7.0,6.794,-0.2060000000000004
BA86,6.5,6.6124,0.11240000000000006
BA86,6.5,6.578199999999999,0.07819999999999894
BA86,6.5,6.5767999999999995,0.07679999999999954
BA86,6.5,6.6518,0.1517999999999997
BA86,6.5,6.525,0.025000000000000355
BA86,6.5,6.5898,0.08980000000000032
BA86,6.5,6.617,0.11699999999999999
BA87,6.0,6.2863999999999995,0.28639999999999954
BA87,6.0,6.2368,0.23679999999999968
BA87,6.0,6.249,0.24899999999999967
BA87,6.0,6.2184,0.21839999999999993
BA87,6.0,6.589399999999999,0.5893999999999986
BA87,6.0,6.403999999999998,0.40399999999999814
BA87,6.0,6.384600000000001,0.3846000000000007
BA89,8.0,7.799799999999999,-0.2002000000000006
BA89,8.0,7.2323999999999975,-0.7676000000000025
BA89,8.0,7.641799999999998,-0.35820000000000185
BA89,8.0,7.8064,-0.1936
BA90,7.0,6.871,-0.12899999999999956
BA90,7.0,6.936,-0.06400000000000006
BA90,7.0,6.965,-0.03500000000000014
BA90,7.0,6.894,-0.10599999999999987
BA90,7.0,6.9064,-0.09360000000000035
BA90,7.0,6.764399999999999,-0.2356000000000007
BA1,7.0,6.835,-0.16500000000000004
BA1,7.0,6.6814,-0.3186
BA1,7.0,7.1495999999999995,0.1495999999999995
BA1,7.0,6.794599999999999,-0.20540000000000092
BA1,7.0,6.647799999999999,-0.35220000000000073
BA2,7.0,7.071599999999998,0.07159999999999833
BA2,7.0,6.8404,-0.1596000000000002
BA2,7.0,6.676399999999999,-0.3236000000000008
BA2,7.0,6.863399999999998,-0.13660000000000228
BA2,7.0,6.788,-0.21199999999999974
BA2,7.0,6.9057999999999975,-0.0942000000000025
BA2,7.0,7.1175999999999995,0.11759999999999948
BA3,7.0,6.490399999999999,-0.5096000000000007
BA3,7.0,6.7543999999999995,-0.24560000000000048
BA3,7.0,7.3553999999999995,0.3553999999999995
BA3,7.0,6.569,-0.43100000000000005
BA3,7.0,6.740799999999999,-0.25920000000000076
BA3,7.0,6.8995999999999995,-0.10040000000000049
BA4,8.0,6.8774,-1.1226000000000003
BA4,8.0,7.617,-0.383
BA4,8.0,7.4234,-0.5766
BA4,8.0,7.2234,-0.7766000000000002
BA5,6.0,6.332799999999999,0.3327999999999989
BA5,6.0,6.7863999999999995,0.7863999999999995
BA5,6.0,6.498600000000001,0.4986000000000006
BA5,6.0,6.194,0.19399999999999995
BA5,6.0,6.283799999999999,0.2837999999999994
BA5,6.0,6.514799999999999,0.5147999999999993
BA5,6.0,6.132,0.13199999999999967
BA5,6.0,6.2014,0.20139999999999958
BA5,6.0,6.22,0.21999999999999975
BA6,8.0,7.451,-0.5490000000000004
BA6,8.0,7.675,-0.3250000000000002
BA6,8.0,7.116,-0.8840000000000003
BA6,8.0,7.3214,-0.6786000000000003
BA6,8.0,6.897,-1.1029999999999998
BA6,8.0,6.6564,-1.3436000000000003
BA6,8.0,7.565999999999999,-0.43400000000000105
BA7,6.0,6.236,0.23599999999999977
BA7,6.0,6.043399999999999,0.04339999999999922
BA7,6.0,6.02,0.019999999999999574
BA7,6.0,6.2284,0.22839999999999971
BA7,6.0,6.18,0.17999999999999972
BA8,7.0,7.0147999999999975,0.014799999999997482
BA8,7.0,6.962199999999995,-0.03780000000000516
BA8,7.0,7.023399999999998,0.023399999999997867
BA8,7.0,6.984399999999995,-0.015600000000005387
BA9,8.0,6.5084,-1.4916
BA9,8.0,7.0699999999999985,-0.9300000000000015
BA9,8.0,7.331199999999997,-0.6688000000000027
BA9,8.0,6.9784,-1.0216000000000003
BA9,8.0,6.9784,-1.0216000000000003
BA9,8.0,7.295199999999997,-0.7048000000000032
BA9,8.0,7.4145999999999965,-0.5854000000000035
BA11,6.0,6.382,0.3819999999999997
BA11,6.0,6.599399999999998,0.5993999999999984
BA11,6.0,6.257,0.2569999999999997
BA11,6.0,6.259,0.25900000000000034
BA12,7.0,6.3564,-0.6436000000000002
BA12,7.0,6.6168,-0.38320000000000043
BA12,7.0,6.733,-0.26700000000000035
BA12,7.0,6.4394,-0.5606
BA12,7.0,6.612799999999999,-0.3872000000000009
BA12,7.0,6.4018,-0.5982000000000003
BA13,7.0,6.925399999999997,-0.07460000000000289
BA13,7.0,6.991,-0.009000000000000341
BA13,7.0,7.017399999999999,0.017399999999999416
BA13,7.0,6.9967999999999995,-0.0032000000000005357
BA13,7.0,6.9986,-0.00140000000000029
BA13,7.0,6.924,-0.07599999999999962
BA13,7.0,6.9883999999999995,-0.011600000000000499
BA14,7.0,6.986199999999993,-0.013800000000006918
BA14,7.0,7.0941999999999945,0.09419999999999451
BA14,7.0,7.082599999999997,0.08259999999999668
BA14,7.0,7.003799999999999,0.0037999999999991374
BA14,7.0,6.9411999999999985,-0.05880000000000152
BA14,7.0,6.9986,-0.00140000000000029
BA15,7.0,7.109799999999999,0.10979999999999901
BA15,7.0,6.996999999999998,-0.00300000000000189
BA15,7.0,7.096599999999999,0.09659999999999869
BA15,7.0,6.889799999999999,-0.11020000000000074
BA15,7.0,7.146799999999999,0.14679999999999893
BA15,7.0,6.7296000000000005,-0.27039999999999953
BA17,6.5,6.3934,-0.10660000000000025
BA17,6.5,6.559,0.05900000000000016
BA17,6.5,6.775799999999999,0.2757999999999994
BA17,6.5,6.8969999999999985,0.39699999999999847
BA17,6.5,6.545999999999999,0.045999999999999375
BA17,6.5,6.595,0.09499999999999975
BA17,6.5,6.483199999999999,-0.016800000000000814
BA17,6.5,6.5802000000000005,0.0802000000000005
BA17,6.5,6.807799999999999,0.3077999999999994
BA17,6.5,6.837999999999998,0.3379999999999983
BA18,7.5,7.128599999999999,-0.3714000000000013
BA18,7.5,7.2136000000000005,-0.28639999999999954
BA18,7.5,7.111199999999999,-0.3888000000000007
BA18,7.5,7.121999999999998,-0.3780000000000019
BA19,7.5,6.982199999999999,-0.5178000000000011
BA19,7.5,6.577,-0.923
BA19,7.5,6.826199999999999,-0.6738000000000008
BA19,7.5,6.975599999999999,-0.5244000000000009
BA20,6.0,6.134,0.13400000000000034
BA20,6.0,6.1148,0.11479999999999979
BA20,6.0,6.3036,0.3036000000000003
BA20,6.0,6.192399999999999,0.19239999999999924
BA20,6.0,6.317399999999999,0.31739999999999924
BA20,6.0,6.6044,0.6044
BA20,6.0,6.195,0.19500000000000028
BA20,6.0,6.4434,0.4433999999999996
BA20,6.0,6.5535999999999985,0.5535999999999985
BA21,7.5,7.0134,-0.48660000000000014
BA21,7.5,6.9996,-0.5004
BA21,7.5,7.0584,-0.4416000000000002
BA21,7.5,7.1034,-0.3966000000000003
BA22,7.2,7.04699999999998,-0.15300000000002
BA22,7.2,6.780599999999989,-0.4194000000000111
BA22,7.2,7.034199999999981,-0.1658000000000195
BA22,7.2,6.9623999999999775,-0.23760000000002268
BA22,7.2,6.923599999999995,-0.2764000000000051
BA22,7.2,6.840199999999977,-0.359800000000023
BA22,7.2,6.88659999999999,-0.31340000000001034
BA22,7.2,6.9035999999999875,-0.29640000000001265
BA23,6.0,6.742199999999999,0.7421999999999986
BA23,6.0,6.570799999999998,0.5707999999999984
BA23,6.0,6.5767999999999995,0.5767999999999995
BA23,6.0,6.699,0.6989999999999998
BA23,6.0,6.794,0.7939999999999996
BA23,6.0,6.868,0.8680000000000003
BA23,6.0,6.5043999999999995,0.5043999999999995
BA23,6.0,6.8688,0.8688000000000002
BA23,6.0,7.116999999999995,1.1169999999999947
BA23,6.0,6.975199999999995,0.9751999999999947
BA24,6.0,6.041,0.04100000000000037
BA24,6.0,6.169,0.1689999999999996
BA24,6.0,6.098,0.09799999999999986
BA24,6.0,6.065,0.06500000000000039
BA24,6.0,6.118,0.11800000000000033
BA24,6.0,6.136,0.13600000000000012
BA24,6.0,6.341,0.3410000000000002
BA25,5.5,5.8458000000000006,0.34580000000000055
BA25,5.5,6.0794,0.5793999999999997
BA25,5.5,5.809399999999999,0.30939999999999923
BA25,5.5,5.695799999999999,0.1957999999999993
BA25,5.5,6.014799999999999,0.5147999999999993
BA25,5.5,5.774,0.274
BA25,5.5,6.284200000000001,0.7842000000000011
BA25,5.5,5.759,0.25900000000000034
BA25,5.5,6.808,1.3079999999999998
BA25,5.5,6.003,0.5030000000000001
BA25,5.5,6.118399999999999,0.6183999999999994
BA25,5.5,6.139799999999999,0.6397999999999993
BA25,5.5,6.0536,0.5536000000000003
BA26,6.5,6.6072,0.10719999999999974
BA26,6.5,6.6218,0.12180000000000035
BA26,6.5,6.719799999999999,0.21979999999999933
BA26,6.5,6.6246,0.12460000000000004
BA26,6.5,6.6094,0.10939999999999994
BA26,6.5,6.495,-0.004999999999999893
BA26,6.5,6.605,0.10500000000000043
BA26,6.5,6.528,0.02799999999999958
BA26,6.5,6.7874,0.2873999999999999
BA26,6.5,6.653,0.15299999999999958
BA27,7.5,7.0779999999999985,-0.4220000000000015
BA27,7.5,6.760199999999999,-0.7398000000000007
BA27,7.5,7.333399999999999,-0.16660000000000075
BA27,7.5,7.0078,-0.4922000000000004
BA27,7.5,6.9742,-0.5258000000000003
BA27,7.5,7.262199999999997,-0.23780000000000268
BA28,5.5,6.2698,0.7698
BA28,5.5,6.344799999999999,0.8447999999999993
BA28,5.5,6.618,1.1180000000000003
BA28,5.5,5.9844,0.48439999999999994
BA28,5.5,5.914200000000001,0.414200000000001
BA29,6.5,6.706600000000001,0.20660000000000078
BA29,6.5,6.504,0.0039999999999995595
BA29,6.5,6.477799999999999,-0.022200000000000664
BA29,6.5,6.509,0.009000000000000341
BA30,6.0,6.142,0.14200000000000035
BA30,6.0,6.405399999999999,0.4053999999999993
BA30,6.0,6.414,0.4139999999999997
BA30,6.0,6.18,0.17999999999999972
BA31,6.5,6.947,0.44700000000000006
BA31,6.5,6.679,0.17900000000000027
BA31,6.5,6.5484,0.0484
BA31,6.5,6.5398000000000005,0.0398000000000005
BA31,6.5,6.953399999999999,0.45339999999999936
BA31,6.5,6.5688,0.06880000000000042
BA31,6.5,6.635,0.1349999999999998
BA31,6.5,6.4928,-0.007200000000000095
BA31,6.5,6.2372,-0.26280000000000037
BA31,6.5,6.4862,-0.013799999999999812
BA32,6.0,6.152399999999999,0.1523999999999992
BA32,6.0,6.208199999999999,0.20819999999999883
BA32,6.0,6.2508,0.2507999999999999
BA32,6.0,6.565,0.5650000000000004
BA32,6.0,6.647600000000001,0.6476000000000006
BA32,6.0,6.746799999999999,0.7467999999999986
BA32,6.0,6.663,0.6630000000000003
BA32,6.0,6.2888,0.28880000000000017
BA32,6.0,6.3378000000000005,0.33780000000000054
BA33,7.5,7.153,-0.3470000000000004
BA33,7.5,7.059399999999999,-0.44060000000000077
BA33,7.5,6.845,-0.6550000000000002
BA33,7.5,6.808,-0.6920000000000002
BA33,7.5,7.026,-0.4740000000000002
BA33,7.5,6.994599999999998,-0.5054000000000016
BA34,7.0,6.795,-0.20500000000000007
BA34,7.0,6.6114,-0.3886000000000003
BA35,6.5,6.5148,0.014800000000000146
BA35,6.5,6.408,-0.09199999999999964
BA35,6.5,6.4117999999999995,-0.0882000000000005
BA36,6.0,6.633799999999999,0.633799999999999
BA36,6.0,6.661199999999999,0.6611999999999991
BA36,6.0,6.531599999999998,0.5315999999999983
BA36,6.0,6.226399999999999,0.22639999999999905
BA36,6.0,6.760599999999999,0.7605999999999993
BA36,6.0,6.6124,0.6124
BA36,6.0,6.6926,0.6925999999999997
BA36,6.0,6.454199999999999,0.45419999999999927
BA36,6.0,6.5493999999999994,0.5493999999999994
BA36,6.0,6.639399999999998,0.6393999999999984
BA37,7.0,6.958,-0.041999999999999815
BA37,7.0,6.934,-0.06599999999999984
BA37,7.0,6.957,-0.04300000000000015
BA37,7.0,6.8553999999999995,-0.1446000000000005
BA37,7.0,6.963599999999998,-0.03640000000000221
BA37,7.0,6.954,-0.04600000000000026
BA37,7.0,6.856799999999999,-0.1432000000000011
BA38,7.5,7.319399999999996,-0.18060000000000365
BA38,7.5,7.224200000000001,-0.2757999999999994
BA38,7.5,7.312399999999996,-0.1876000000000042
BA38,7.5,6.7394,-0.7606000000000002
BA38,7.5,7.355,-0.14499999999999957
BA38,7.5,7.3073999999999995,-0.19260000000000055
BA38,7.5,7.169199999999996,-0.3308000000000044
BA38,7.5,7.150799999999999,-0.3492000000000006
BA38,7.5,7.131799999999999,-0.36820000000000075
BA39,7.0,6.865399999999999,-0.13460000000000072
BA39,7.0,6.8466000000000005,-0.15339999999999954
BA39,7.0,6.873399999999999,-0.1266000000000007
BA39,7.0,6.772,-0.22799999999999976
BA39,7.0,6.953799999999999,-0.046200000000000685
BA39,7.0,6.777399999999999,-0.2226000000000008
BA39,7.0,6.779799999999999,-0.22020000000000106
BA39,7.0,6.7348,-0.2652000000000001
BA42,8.5,8.0346,-0.4654000000000007
BA42,8.5,6.911,-1.5890000000000004
BA42,8.5,7.9388,-0.5612000000000004
BA42,8.5,7.2472,-1.2527999999999997
BA42,8.5,7.934399999999999,-0.5656000000000008
BA42,8.5,8.1204,-0.37959999999999994
BA42,8.5,7.994,-0.5060000000000002
BA43,7.0,6.772799999999999,-0.22720000000000073
BA43,7.0,6.8027999999999995,-0.19720000000000049
BA43,7.0,6.833399999999999,-0.16660000000000075
BA43,7.0,6.8153999999999995,-0.18460000000000054
BA43,7.0,6.747,-0.2530000000000001
BA43,7.0,6.8834,-0.11660000000000004
BA44,7.5,7.115799999999999,-0.38420000000000076
BA44,7.5,7.096,-0.4039999999999999
BA44,7.5,7.065,-0.4349999999999996
BA44,7.5,7.0534,-0.4466000000000001
BA44,7.5,7.1648,-0.3352000000000004
BA44,7.5,7.2414,-0.2586000000000004
BA44,7.5,7.085,-0.41500000000000004
BA44,7.5,7.294,-0.2060000000000004
BA46,6.0,6.325,0.3250000000000002
BA46,6.0,6.3674,0.36739999999999995
BA46,6.0,6.243,0.24300000000000033
BA46,6.0,6.485799999999999,0.48579999999999934
BA46,6.0,6.459200000000001,0.45920000000000094
BA46,6.0,6.416,0.41600000000000037
BA46,6.0,6.646599999999999,0.6465999999999994
BA46,6.0,6.75,0.75
BA47,7.0,6.93,-0.07000000000000028
BA47,7.0,6.759399999999999,-0.2406000000000006
BA47,7.0,6.646,-0.3540000000000001
BA47,7.0,6.875,-0.125
BA47,7.0,6.8713999999999995,-0.1286000000000005
BA47,7.0,6.674,-0.3259999999999996
BA47,7.0,6.81,-0.1900000000000004
BA48,6.0,6.6408,0.6407999999999996
BA48,6.0,6.320399999999999,0.32039999999999935
BA48,6.0,6.5682,0.5682
BA48,6.0,6.545199999999998,0.5451999999999977
BA48,6.0,6.644,0.6440000000000001
BA49,6.0,6.236,0.23599999999999977
BA49,6.0,6.3358,0.3357999999999999
BA49,6.0,6.593799999999999,0.593799999999999
BA49,6.0,6.5456,0.5456000000000003
BA49,6.0,6.226,0.22599999999999998
BA49,6.0,6.2703999999999995,0.27039999999999953
BA50,7.0,6.667,-0.3330000000000002
BA50,7.0,6.5416,-0.45840000000000014
BA50,7.0,6.721,-0.2789999999999999
BA50,7.0,6.736,-0.26400000000000023
BA50,7.0,6.998199999999999,-0.001800000000001134
BA50,7.0,6.8748,-0.12520000000000042
BA51,6.0,6.4656,0.46560000000000024
BA51,6.0,6.4144,0.41439999999999966
BA51,6.0,6.4486,0.4485999999999999
BA52,6.0,6.304,0.30400000000000027
BA52,6.0,6.6078,0.6078000000000001
BA52,6.0,6.366,0.36599999999999966
BA52,6.0,6.4967999999999995,0.49679999999999946
BA52,6.0,6.609799999999999,0.609799999999999
BA52,6.0,6.694799999999999,0.694799999999999
BA52,6.0,6.4624,0.4623999999999997
BA52,6.0,6.410799999999999,0.41079999999999917
BA52,6.0,6.4204,0.4203999999999999
BA53,7.0,6.598,-0.40200000000000014
BA53,7.0,6.8218,-0.17820000000000036
BA53,7.0,6.8938,-0.1062000000000003
BA53,7.0,6.657799999999999,-0.34220000000000095
BA53,7.0,6.6895999999999995,-0.31040000000000045
BA53,7.0,6.823600000000001,-0.17639999999999922
BA53,7.0,6.461399999999999,-0.5386000000000006
BA53,7.0,6.7066,-0.2934000000000001
BA53,7.0,6.7134,-0.28659999999999997
BA56,5.0,6.335,1.335
BA56,5.0,6.415,1.415
BA56,5.0,6.0118,1.0118
BA56,5.0,6.4236,1.4236000000000004
BA56,5.0,6.236,1.2359999999999998
BA57,7.0,7.023,0.022999999999999687
BA57,7.0,6.858200000000001,-0.14179999999999904
BA57,7.0,6.545800000000001,-0.45419999999999927
BA57,7.0,6.906200000000001,-0.093799999999999
BA58,6.5,6.5724,0.07240000000000002
BA58,6.5,6.5607999999999995,0.06079999999999952
BA58,6.5,6.552,0.0519999999999996
BA58,6.5,6.6734,0.1734
BA58,6.5,6.708200000000001,0.2082000000000006
BA58,6.5,6.763799999999999,0.2637999999999989
BA58,6.5,6.4558,-0.04420000000000002
BA58,6.5,6.805999999999998,0.3059999999999983
BA59,7.0,6.923199999999998,-0.0768000000000022
BA59,7.0,6.636799999999999,-0.36320000000000086
BA59,7.0,6.681999999999999,-0.3180000000000014
BA60,5.5,6.124,0.6239999999999997
BA60,5.5,5.88,0.3799999999999999
BA60,5.5,6.1743999999999994,0.6743999999999994
BA60,5.5,5.8404,0.3403999999999998
BA60,5.5,6.354999999999999,0.8549999999999986
BA60,5.5,6.124,0.6239999999999997
BA60,5.5,6.0398,0.5397999999999996
BA60,5.5,5.89,0.3899999999999997
BA60,5.5,6.3588,0.8587999999999996
BA60,5.5,6.4266,0.9265999999999996
BA61,7.5,7.3298,-0.17020000000000035
BA61,7.5,7.423799999999999,-0.07620000000000093
BA61,7.5,7.198600000000001,-0.3013999999999992
BA61,7.5,7.418199999999999,-0.0818000000000012
BA61,7.5,7.4208,-0.07920000000000016
BA61,7.5,7.3187999999999995,-0.18120000000000047
BA61,7.5,7.378199999999999,-0.12180000000000124
BA61,7.5,7.215799999999999,-0.2842000000000011
BA61,7.5,7.426199999999999,-0.0738000000000012
BA62,6.0,6.403200000000001,0.4032000000000009
BA62,6.0,6.3366,0.3365999999999998
BA62,6.0,6.2932,0.2931999999999997
BA62,6.0,6.2588,0.2587999999999999
BA62,6.0,6.4434,0.4433999999999996
BA62,6.0,6.4678,0.46780000000000044
BA62,6.0,6.551199999999999,0.5511999999999988
BA63,7.0,6.7822,-0.21780000000000044
BA63,7.0,6.942599999999993,-0.05740000000000656
BA63,7.0,7.084399999999995,0.08439999999999515
BA63,7.0,6.886,-0.11399999999999988
BA63,7.0,6.905799999999999,-0.09420000000000073
BA63,7.0,6.8716,-0.12840000000000007
BA63,7.0,6.845,-0.15500000000000025
BA63,7.0,6.809199999999998,-0.19080000000000208
BA63,7.0,6.7376000000000005,-0.2623999999999995
BA64,7.0,6.783599999999999,-0.21640000000000104
BA64,7.0,6.933,-0.06700000000000017
BA64,7.0,6.9037999999999995,-0.09620000000000051
BA64,7.0,6.8454,-0.1546000000000003
BA64,7.0,6.827799999999999,-0.17220000000000102
BA64,7.0,6.8424,-0.1576000000000004
BA64,7.0,6.6682,-0.3318000000000003
BA64,7.0,6.644399999999999,-0.3556000000000008
BA65,8.0,7.660999999999998,-0.3390000000000022
BA65,8.0,7.594399999999998,-0.4056000000000024
BA65,8.0,7.828799999999999,-0.17120000000000068
BA65,8.0,7.598799999999999,-0.4012000000000011
BA65,8.0,7.126600000000001,-0.8733999999999993
BA65,8.0,7.4434,-0.5566000000000004
BA65,8.0,7.687799999999999,-0.3122000000000007
BA65,8.0,6.712599999999998,-1.2874000000000017
BA65,8.0,7.512999999999997,-0.48700000000000276
BA66,7.0,6.969,-0.030999999999999694
BA66,7.0,6.967,-0.03300000000000036
BA66,7.0,6.819,-0.18100000000000005
BA66,7.0,6.919,-0.0810000000000004
BA66,7.0,6.987,-0.0129999999999999
BA66,7.0,6.927,-0.0730000000000004
BA66,7.0,6.966,-0.03399999999999981
BA66,7.0,6.946,-0.05400000000000027
BA66,7.0,6.964,-0.03599999999999959
BA66,7.0,6.92,-0.08000000000000007
BA68,6.0,6.1194,0.11939999999999973
BA68,6.0,6.4008,0.40080000000000027
BA68,6.0,6.304399999999999,0.30439999999999934
BA68,6.0,6.450799999999999,0.4507999999999992
BA68,6.0,6.613199999999999,0.6131999999999991
BA69,6.0,6.216399999999999,0.21639999999999926
BA69,6.0,6.2616,0.2615999999999996
BA69,6.0,6.2074,0.2073999999999998
BA69,6.0,6.404399999999998,0.4043999999999981
BA69,6.0,6.1221999999999985,0.12219999999999853
BA69,6.0,6.661999999999996,0.6619999999999964
BA69,6.0,6.365,0.3650000000000002
BA69,6.0,6.361599999999999,0.36159999999999926
BA70,5.0,5.3431999999999995,0.3431999999999995
BA70,5.0,6.753599999999998,1.7535999999999978
BA70,5.0,5.7664,0.7664
BA71,7.0,6.701999999999998,-0.2980000000000018
BA71,7.0,7.022799999999999,0.022799999999999265
BA71,7.0,6.731399999999998,-0.26860000000000195
BA71,7.0,6.965199999999998,-0.034800000000002385
BA71,7.0,6.942799999999994,-0.057200000000006135
BA71,7.0,6.592399999999998,-0.4076000000000022
BA71,7.0,6.9975999999999985,-0.002400000000001512
BA71,7.0,6.9887999999999995,-0.011200000000000543
BA71,7.0,6.971799999999999,-0.02820000000000089
BA72,8.0,7.647199999999999,-0.3528000000000011
BA72,8.0,7.684399999999999,-0.31560000000000077
BA72,8.0,7.8313999999999995,-0.16860000000000053
BA72,8.0,7.77,-0.23000000000000043
BA72,8.0,7.9403999999999995,-0.05960000000000054
BA72,8.0,7.5664,-0.4336000000000002
BA72,8.0,7.9384,-0.06160000000000032
BA72,8.0,7.8034,-0.1966000000000001
BA72,8.0,7.078200000000001,-0.9217999999999993
BA72,8.0,7.612599999999999,-0.3874000000000013
BA73,6.0,6.472600000000001,0.4726000000000008
BA73,6.0,6.495399999999998,0.4953999999999983
BA73,6.0,6.458399999999999,0.45839999999999925
BA73,6.0,6.255799999999999,0.2557999999999989
BA73,6.0,6.573,0.5730000000000004
BA73,6.0,6.455999999999998,0.45599999999999774
BA74,7.5,7.054399999999999,-0.44560000000000066
BA74,7.5,7.1944,-0.3056000000000001
BA74,7.5,7.027399999999999,-0.4726000000000008
BA74,7.5,7.1964,-0.3036000000000003
BA74,7.5,7.110399999999999,-0.3896000000000006
BA74,7.5,6.8674,-0.6326
BA74,7.5,6.9354,-0.5646000000000004
BA74,7.5,6.8244,-0.6756000000000002
BA74,7.5,6.9548,-0.5452000000000004
BA75,7.5,6.990200000000001,-0.5097999999999994
BA75,7.5,7.001399999999999,-0.4986000000000006
BA75,7.5,7.0572,-0.4428000000000001
BA76,6.5,6.9496,0.4496000000000002
BA76,6.5,6.913599999999999,0.41359999999999886
BA76,6.5,6.75,0.25
BA76,6.5,6.864,0.3639999999999999
BA76,6.5,6.978799999999999,0.4787999999999988
BA76,6.5,6.890999999999999,0.3909999999999991
BA77,6.0,6.4676,0.4676
BA77,6.0,6.3637999999999995,0.36379999999999946
BA77,6.0,6.2614,0.2614000000000001
BA77,6.0,6.359999999999999,0.35999999999999943
BA77,6.0,6.407,0.40700000000000003
BA78,7.0,6.841,-0.1589999999999998
BA78,7.0,6.7614,-0.23859999999999992
BA78,7.0,6.7974,-0.20260000000000034
BA78,7.0,6.776199999999999,-0.22380000000000067
BA78,7.0,6.6618,-0.3381999999999996
BA78,7.0,6.734,-0.266
BA79,7.0,6.6728000000000005,-0.3271999999999995
BA79,7.0,6.737799999999999,-0.2622000000000009
BA79,7.0,6.7764,-0.22360000000000024
BA79,7.0,6.6378,-0.36219999999999963
BA79,7.0,6.519799999999999,-0.48020000000000085
BA79,7.0,6.73,-0.2699999999999996
BA79,7.0,6.956,-0.043999999999999595
BA79,7.0,6.872,-0.1280000000000001
BA80,7.0,6.707200000000001,-0.29279999999999884
BA80,7.0,6.8642,-0.1357999999999997
BA80,7.0,6.909,-0.09100000000000019
BA80,7.0,6.857600000000001,-0.14239999999999942
BA80,7.0,6.7722,-0.22780000000000022
BA80,7.0,6.8618,-0.13820000000000032
BA80,7.0,6.823,-0.1769999999999996
BA80,7.0,6.7868,-0.2131999999999996
BA80,7.0,6.8484,-0.15160000000000018
BA81,6.0,6.12,0.1200000000000001
BA81,6.0,6.2414,0.24139999999999961
BA81,6.0,6.189,0.18900000000000006
BA81,6.0,6.793399999999999,0.7933999999999992
BA81,6.0,6.2908,0.29079999999999995
BA81,6.0,6.6622,0.6622000000000003
BA82,8.0,7.462999999999997,-0.5370000000000026
BA82,8.0,7.2731999999999974,-0.7268000000000026
BA82,8.0,7.042,-0.9580000000000002
BA82,8.0,6.956799999999999,-1.0432000000000006
BA83,5.0,5.4108,0.41080000000000005
BA83,5.0,5.2664,0.26639999999999997
BA83,5.0,5.1784,0.1783999999999999
BA83,5.0,5.2063999999999995,0.20639999999999947
BA83,5.0,5.217,0.21699999999999964
BA83,5.0,5.513,0.5129999999999999
BA83,5.0,5.394,0.39400000000000013
BA83,5.0,5.859,0.859
BA83,5.0,6.0367999999999995,1.0367999999999995
BA83,5.0,5.663,0.6630000000000003
BA84,7.0,6.992599999999995,-0.007400000000004958
BA84,7.0,6.921399999999996,-0.07860000000000422
BA84,7.0,6.888599999999998,-0.11140000000000239
BA84,7.0,6.8195999999999986,-0.18040000000000145
BA84,7.0,6.743999999999998,-0.256000000000002
BA84,7.0,6.78,-0.21999999999999975
BA84,7.0,6.674999999999998,-0.32500000000000195
BA84,7.0,6.692399999999999,-0.30760000000000076
BA84,7.0,6.894999999999996,-0.10500000000000398
BA85,7.0,6.957799999999995,-0.04220000000000468
BA85,7.0,7.107199999999993,0.10719999999999263
BA85,7.0,6.9751999999999965,-0.024800000000003486
BA85,7.0,7.1031999999999975,0.10319999999999752
BA85,7.0,6.9634,-0.036599999999999966
BA85,7.0,6.848799999999999,-0.1512000000000011
BA85,7.0,7.132599999999998,0.13259999999999827
BA86,6.5,6.654,0.15399999999999991
BA86,6.5,6.5608,0.06080000000000041
BA86,6.5,6.542599999999998,0.04259999999999842
BA86,6.5,6.6599999999999975,0.15999999999999748
BA86,6.5,6.5969999999999995,0.09699999999999953
BA86,6.5,6.595200000000001,0.09520000000000106
BA86,6.5,6.6864,0.1863999999999999
BA86,6.5,6.6538,0.15380000000000038
BA87,6.0,6.317799999999997,0.3177999999999974
BA87,6.0,6.708799999999999,0.7087999999999992
BA87,6.0,6.3976,0.39759999999999973
BA87,6.0,6.264399999999999,0.2643999999999993
BA87,6.0,6.583399999999999,0.5833999999999993
BA87,6.0,6.392200000000001,0.39220000000000077
BA89,8.0,6.971399999999996,-1.0286000000000044
BA89,8.0,7.860399999999999,-0.1396000000000006
BA89,8.0,7.808599999999998,-0.19140000000000157
BA89,8.0,7.845999999999999,-0.1540000000000008
BA89,8.0,7.857799999999999,-0.14220000000000077
BA89,8.0,7.9144,-0.08560000000000034
BA89,8.0,7.535999999999998,-0.4640000000000022
BA89,8.0,7.679199999999999,-0.3208000000000011
BA90,7.0,6.982,-0.017999999999999794
BA90,7.0,6.925,-0.07500000000000018
BA90,7.0,6.93,-0.07000000000000028
BA90,7.0,6.865399999999999,-0.13460000000000072
BA90,7.0,6.928,-0.07200000000000006
BA90,7.0,6.687399999999999,-0.31260000000000066
BA1,7.0,6.7097999999999995,-0.29020000000000046
BA1,7.0,6.588799999999999,-0.4112000000000009
BA1,7.0,6.860399999999999,-0.1396000000000006
BA1,7.0,6.734,-0.266
BA1,7.0,6.984799999999999,-0.01520000000000099
BA1,7.0,6.876399999999999,-0.1236000000000006
BA1,7.0,6.834599999999998,-0.16540000000000177
BA1,7.0,6.898399999999998,-0.10160000000000213
BA2,7.0,6.717999999999999,-0.2820000000000009
BA2,7.0,7.132199999999999,0.1321999999999992
BA2,7.0,6.9242,-0.07580000000000009
BA2,7.0,6.5954,-0.4046000000000003
BA2,7.0,6.8904,-0.10960000000000036
BA2,7.0,6.6544,-0.34560000000000013
BA3,7.0,6.898,-0.10200000000000031
BA3,7.0,6.8864,-0.11359999999999992
BA3,7.0,6.9494,-0.0506000000000002
BA3,7.0,6.844,-0.1559999999999997
BA3,7.0,6.892799999999999,-0.10720000000000063
BA3,7.0,6.559,-0.44099999999999984
BA4,8.0,7.441399999999998,-0.558600000000002
BA4,8.0,7.669199999999999,-0.33080000000000087
BA4,8.0,7.1532,-0.8468
BA4,8.0,6.7627999999999995,-1.2372000000000005
BA4,8.0,7.2605999999999975,-0.7394000000000025
BA5,6.0,6.553,0.5529999999999999
BA5,6.0,6.692,0.6920000000000002
BA5,6.0,6.745,0.7450000000000001
BA5,6.0,7.091,1.0910000000000002
BA5,6.0,6.4723999999999995,0.4723999999999995
BA5,6.0,6.308799999999999,0.30879999999999885
BA5,6.0,6.359,0.359
BA6,8.0,6.851,-1.149
BA6,8.0,7.642399999999999,-0.3576000000000006
BA6,8.0,7.357,-0.6429999999999998
BA6,8.0,7.0934,-0.9066000000000001
BA6,8.0,7.4378,-0.5621999999999998
BA6,8.0,7.529,-0.4710000000000001
BA6,8.0,7.195,-0.8049999999999997
BA6,8.0,7.3674,-0.6326
BA7,6.0,6.038,0.038000000000000256
BA7,6.0,6.047,0.04699999999999971
BA7,6.0,6.036,0.03599999999999959
BA7,6.0,6.106,0.10599999999999987
BA7,6.0,6.024,0.02400000000000002
BA7,6.0,6.189,0.18900000000000006
BA7,6.0,6.05,0.04999999999999982
BA7,6.0,6.101799999999999,0.101799999999999
BA7,6.0,6.226799999999999,0.226799999999999
BA7,6.0,6.14,0.13999999999999968
BA8,7.0,6.952399999999996,-0.04760000000000364
BA8,7.0,6.8744,-0.12560000000000038
BA8,7.0,6.990399999999998,-0.009600000000001607
BA8,7.0,7.0154,0.015399999999999636
BA8,7.0,6.9698,-0.030199999999999783
BA8,7.0,6.953999999999998,-0.04600000000000204
BA8,7.0,7.097799999999998,0.09779999999999767
BA8,7.0,7.0463999999999976,0.046399999999997554
BA8,7.0,6.984599999999998,-0.0154000000000023
BA9,8.0,7.335799999999997,-0.6642000000000028
BA9,8.0,7.3401999999999985,-0.6598000000000015
BA9,8.0,6.747799999999999,-1.252200000000001
BA9,8.0,7.167999999999997,-0.8320000000000034
BA9,8.0,7.2668,-0.7332000000000001
BA9,8.0,7.250599999999998,-0.7494000000000023
BA9,8.0,6.960599999999999,-1.0394000000000014
BA9,8.0,7.206799999999998,-0.7932000000000023
BA9,8.0,7.176399999999995,-0.8236000000000052
BA11,6.0,6.328399999999999,0.32839999999999936
BA11,6.0,6.185,0.1849999999999996
BA11,6.0,6.3866,0.3865999999999996
BA12,7.0,6.518,-0.4820000000000002
BA12,7.0,6.6434,-0.35660000000000025
BA12,7.0,6.6064,-0.39360000000000017
BA12,7.0,6.6352,-0.3647999999999998
BA12,7.0,6.7764,-0.22360000000000024
BA12,7.0,6.7024,-0.2976000000000001
BA12,7.0,6.567,-0.43299999999999983
BA12,7.0,6.542799999999999,-0.45720000000000116
BA13,7.0,7.060799999999998,0.060799999999997745
BA13,7.0,7.106999999999998,0.10699999999999843
BA13,7.0,6.959,-0.04100000000000037
BA13,7.0,7.011199999999999,0.011199999999998766
BA13,7.0,6.945599999999995,-0.05440000000000467
BA13,7.0,6.9466,-0.05339999999999989
BA13,7.0,6.937399999999999,-0.06260000000000066
BA13,7.0,6.994599999999998,-0.005400000000001626
BA14,7.0,7.008199999999997,0.008199999999996876
BA14,7.0,7.096599999999996,0.09659999999999602
BA14,7.0,6.883199999999998,-0.11680000000000224
BA15,7.0,7.1368,0.13680000000000003
BA15,7.0,6.971199999999999,-0.02880000000000127
BA15,7.0,7.029799999999997,0.029799999999997162
BA15,7.0,7.020999999999999,0.02099999999999902
BA15,7.0,7.0238,0.0237999999999996
BA15,7.0,7.0265999999999975,0.026599999999997515
BA15,7.0,7.342199999999996,0.3421999999999956
BA15,7.0,7.131399999999999,0.1313999999999993
BA15,7.0,7.4266,0.42659999999999965
BA17,6.5,6.567399999999999,0.06739999999999924
BA17,6.5,6.71,0.20999999999999996
BA17,6.5,6.4188,-0.08119999999999994
BA17,6.5,6.5813999999999995,0.08139999999999947
BA17,6.5,6.5868,0.08680000000000021
BA18,7.5,6.727399999999999,-0.7726000000000006
BA18,7.5,6.896199999999999,-0.6038000000000006
BA18,7.5,7.1618,-0.3381999999999996
BA18,7.5,7.046,-0.45399999999999974
BA19,7.5,6.9807999999999995,-0.5192000000000005
BA19,7.5,6.980600000000001,-0.5193999999999992
BA19,7.5,6.6508,-0.8491999999999997
BA19,7.5,6.9137999999999975,-0.5862000000000025
BA19,7.5,6.980599999999998,-0.5194000000000019
BA19,7.5,6.7269999999999985,-0.7730000000000015
BA19,7.5,6.9434,-0.5566000000000004
BA19,7.5,7.025199999999999,-0.474800000000001
BA19,7.5,7.202399999999998,-0.29760000000000186
BA19,7.5,7.112,-0.3879999999999999
BA19,7.5,7.166200000000001,-0.3337999999999992
BA20,6.0,6.262,0.26199999999999957
BA20,6.0,6.01,0.009999999999999787
BA20,6.0,6.0438,0.04380000000000006
BA21,7.5,6.9688,-0.5312000000000001
BA21,7.5,6.574,-0.9260000000000002
BA21,7.5,7.032199999999999,-0.4678000000000013
BA21,7.5,6.612799999999999,-0.8872000000000009
BA21,7.5,6.6114,-0.8886000000000003
BA21,7.5,6.9582,-0.5418000000000003
BA21,7.5,7.327799999999998,-0.1722000000000019
BA21,7.5,6.81,-0.6900000000000004
BA21,7.5,7.0363999999999995,-0.46360000000000046
BA21,7.5,6.955,-0.5449999999999999
BA21,7.5,6.9798,-0.5202
BA21,7.5,6.944999999999999,-0.5550000000000006
BA21,7.5,6.9491999999999985,-0.5508000000000015
BA22,7.2,6.962399999999994,-0.2376000000000058
BA22,7.2,6.943399999999987,-0.25660000000001304
BA22,7.2,6.828999999999986,-0.37100000000001376
BA22,7.2,6.977199999999978,-0.22280000000002254
BA22,7.2,6.918799999999984,-0.2812000000000161
BA22,7.2,7.005999999999987,-0.19400000000001327
BA22,7.2,7.0173999999999905,-0.18260000000000964
BA23,6.0,6.919599999999998,0.9195999999999982
BA23,6.0,6.5076,0.5076
BA23,6.0,6.794799999999998,0.7947999999999977
BA23,6.0,6.684399999999998,0.6843999999999983
BA23,6.0,6.6854,0.6853999999999996
BA24,6.0,6.4304,0.43039999999999967
BA24,6.0,6.053,0.052999999999999936
BA24,6.0,6.268,0.2679999999999998
BA24,6.0,6.064,0.06400000000000006
BA24,6.0,6.035,0.03500000000000014
BA24,6.0,6.005,0.004999999999999893
BA24,6.0,6.081799999999999,0.08179999999999943
BA25,5.5,5.642399999999999,0.14239999999999942
BA26,6.5,6.6453999999999995,0.14539999999999953
BA26,6.5,6.621,0.12100000000000044
BA26,6.5,6.706,0.2060000000000004
BA26,6.5,6.646799999999999,0.14679999999999893
BA26,6.5,6.69,0.1900000000000004
BA26,6.5,6.573,0.0730000000000004
BA26,6.5,6.913799999999999,0.4137999999999993
BA26,6.5,6.778,0.2779999999999996
BA27,7.5,7.486399999999996,-0.013600000000003831
BA27,7.5,7.0696,-0.43039999999999967
BA27,7.5,7.093799999999999,-0.406200000000001
BA27,7.5,7.024399999999997,-0.4756000000000027
BA27,7.5,7.3406,-0.15939999999999976
BA27,7.5,7.252399999999999,-0.24760000000000115
BA28,5.5,5.9748,0.4748000000000001
BA28,5.5,6.038399999999999,0.5383999999999993
BA28,5.5,5.843799999999999,0.343799999999999
BA28,5.5,6.125199999999999,0.6251999999999986
BA28,5.5,5.752200000000001,0.2522000000000011
BA29,6.5,6.535,0.03500000000000014
BA29,6.5,6.6364,0.13640000000000008
BA29,6.5,6.6248,0.12479999999999958
BA29,6.5,6.476,-0.02400000000000002
BA30,6.0,6.2943999999999996,0.29439999999999955
BA30,6.0,6.2143999999999995,0.21439999999999948
BA30,6.0,6.29,0.29000000000000004
BA30,6.0,6.4662,0.4661999999999997
BA30,6.0,6.156,0.1559999999999997
BA30,6.0,6.079,0.07899999999999974
BA30,6.0,6.225,0.22499999999999964
BA30,6.0,6.1743999999999994,0.17439999999999944
BA31,6.5,6.537799999999999,0.037799999999998946
BA31,6.5,6.703399999999999,0.20339999999999936
BA31,6.5,6.567199999999998,0.06719999999999793
BA31,6.5,6.426599999999999,-0.07340000000000124
BA31,6.5,6.7184,0.21839999999999993
BA32,6.0,6.31,0.3099999999999996
BA32,6.0,6.195399999999999,0.19539999999999935
BA32,6.0,6.272,0.27200000000000024
BA32,6.0,6.3132,0.31320000000000014
BA32,6.0,6.723,0.7229999999999999
BA32,6.0,6.372799999999999,0.3727999999999989
BA32,6.0,6.702599999999999,0.7025999999999986
BA33,7.5,7.127,-0.3730000000000002
BA33,7.5,7.2282,-0.2717999999999998
BA33,7.5,7.029599999999999,-0.4704000000000006
BA33,7.5,7.099,-0.4009999999999998
BA33,7.5,6.861399999999999,-0.6386000000000012
BA33,7.5,6.887599999999998,-0.6124000000000018
BA34,7.0,7.168,0.16800000000000015
BA34,7.0,6.925,-0.07500000000000018
BA35,6.5,6.483,-0.017000000000000348
BA36,6.0,6.2154,0.2153999999999998
BA36,6.0,6.3561999999999985,0.3561999999999985
BA36,6.0,6.582399999999999,0.5823999999999989
BA36,6.0,6.502399999999999,0.5023999999999988
BA37,7.0,6.862,-0.1379999999999999
BA37,7.0,6.865,-0.1349999999999998
BA37,7.0,6.788399999999999,-0.21160000000000068
BA37,7.0,6.882,-0.11800000000000033
BA37,7.0,6.807,-0.19299999999999962
BA37,7.0,6.8088,-0.19120000000000026
BA37,7.0,6.906,-0.0940000000000003
BA37,7.0,6.823,-0.1769999999999996
BA38,7.5,7.316,-0.18400000000000016
BA38,7.5,7.0325999999999995,-0.4674000000000005
BA38,7.5,7.2528,-0.2472000000000003
BA38,7.5,7.015199999999999,-0.4848000000000008
BA38,7.5,7.28,-0.21999999999999975
BA38,7.5,7.3062,-0.19380000000000042
BA39,7.0,6.7388,-0.26119999999999965
BA39,7.0,6.9392,-0.06080000000000041
BA39,7.0,6.8347999999999995,-0.16520000000000046
BA39,7.0,6.8603999999999985,-0.1396000000000015
BA39,7.0,6.816799999999999,-0.18320000000000114
BA39,7.0,6.6892,-0.3108000000000004
BA39,7.0,7.482,0.4820000000000002
BA39,7.0,6.6162,-0.3837999999999999
BA39,7.0,6.7791999999999994,-0.22080000000000055
BA42,8.5,8.228599999999998,-0.27140000000000164
BA42,8.5,7.3104,-1.1896000000000004
BA42,8.5,8.25,-0.25
BA42,8.5,8.27,-0.23000000000000043
BA42,8.5,8.267,-0.23300000000000054
BA42,8.5,8.077,-0.42300000000000004
BA42,8.5,8.311399999999999,-0.188600000000001
BA42,8.5,8.278,-0.22199999999999953
BA43,7.0,6.8602,-0.13980000000000015
BA43,7.0,6.8996,-0.1003999999999996
BA43,7.0,6.841399999999998,-0.15860000000000163
BA43,7.0,6.7876,-0.2123999999999997
BA43,7.0,6.757999999999998,-0.24200000000000177
BA43,7.0,6.8018,-0.19819999999999993
BA43,7.0,6.811199999999999,-0.1888000000000014
BA44,7.5,6.804599999999999,-0.6954000000000011
BA44,7.5,7.304,-0.19599999999999973
BA44,7.5,7.0732,-0.42680000000000007
BA44,7.5,7.187199999999999,-0.3128000000000011
BA46,6.0,6.3564,0.35639999999999983
BA46,6.0,6.415,0.41500000000000004
BA46,6.0,6.673,0.673
BA46,6.0,6.54,0.54
BA46,6.0,6.513799999999999,0.5137999999999989
BA46,6.0,6.5312,0.5312000000000001
BA46,6.0,6.587,0.5869999999999997
BA46,6.0,6.5394,0.5393999999999997
BA46,6.0,6.709,0.7089999999999996
BA47,7.0,6.817,-0.18299999999999983
BA47,7.0,6.891799999999999,-0.10820000000000096
BA47,7.0,6.891,-0.10899999999999999
BA47,7.0,6.864,-0.13600000000000012
BA47,7.0,6.6956,-0.3044000000000002
BA47,7.0,6.675599999999999,-0.3244000000000007
BA47,7.0,6.6911999999999985,-0.3088000000000015
BA47,7.0,6.8744,-0.12560000000000038
BA47,7.0,6.791399999999999,-0.20860000000000056
BA48,6.0,6.293399999999999,0.2933999999999992
BA48,6.0,6.512399999999998,0.5123999999999977
BA48,6.0,6.1894,0.1894
BA48,6.0,6.316799999999999,0.31679999999999886
BA48,6.0,6.693,0.6929999999999996
BA48,6.0,6.406399999999999,0.40639999999999876
BA48,6.0,6.891199999999999,0.8911999999999987
BA48,6.0,6.4674,0.4673999999999996
BA48,6.0,6.2814,0.28139999999999965
BA48,6.0,6.610999999999998,0.610999999999998
BA49,6.0,6.123399999999999,0.12339999999999929
BA49,6.0,6.4838,0.48379999999999956
BA49,6.0,6.6482,0.6482000000000001
BA49,6.0,6.4044,0.40439999999999987
BA49,6.0,6.237,0.2370000000000001
BA49,6.0,6.236199999999999,0.2361999999999993
BA49,6.0,6.2682,0.2682000000000002
BA50,7.0,6.5504,-0.4496000000000002
BA50,7.0,6.514599999999999,-0.48540000000000116
BA50,7.0,6.7192,-0.28080000000000016
BA50,7.0,6.8164,-0.1836000000000002
BA50,7.0,6.763399999999999,-0.23660000000000103
BA50,7.0,6.9243999999999994,-0.07560000000000056
BA50,7.0,7.093599999999997,0.0935999999999968
BA51,6.0,6.546600000000001,0.5466000000000006
BA51,6.0,6.702599999999999,0.7025999999999986
BA52,6.0,6.715,0.7149999999999999
BA52,6.0,6.426799999999999,0.4267999999999992
BA52,6.0,6.223,0.22299999999999986
BA52,6.0,6.325199999999999,0.3251999999999988
BA52,6.0,6.2185999999999995,0.21859999999999946
BA52,6.0,6.542199999999999,0.5421999999999993
BA52,6.0,6.256399999999999,0.2563999999999993
BA52,6.0,6.417799999999999,0.41779999999999884
BA52,6.0,6.355599999999998,0.35559999999999814
BA52,6.0,6.240399999999999,0.24039999999999928
BA53,7.0,6.728399999999998,-0.27160000000000206
BA53,7.0,6.6823999999999995,-0.31760000000000055
BA53,7.0,6.8344,-0.1656000000000004
BA53,7.0,6.7154,-0.2846000000000002
BA53,7.0,6.540799999999999,-0.45920000000000094
BA53,7.0,6.8093999999999975,-0.19060000000000255
BA53,7.0,6.864799999999998,-0.13520000000000199
BA53,7.0,6.887599999999998,-0.11240000000000183
BA53,7.0,6.887799999999999,-0.11220000000000141
BA53,7.0,6.934999999999998,-0.06500000000000217
BA53,7.0,6.9624,-0.0376000000000003
BA56,5.0,6.335799999999999,1.335799999999999
BA56,5.0,5.5854,0.5853999999999999
BA56,5.0,6.143,1.1429999999999998
BA56,5.0,6.179999999999998,1.179999999999998
BA56,5.0,6.0564,1.0564
BA56,5.0,6.1274,1.1273999999999997
BA56,5.0,5.575,0.5750000000000002
BA56,5.0,6.043,1.0430000000000001
BA56,5.0,6.177,1.1769999999999996
BA56,5.0,6.144,1.1440000000000001
BA56,5.0,6.077,1.077
BA57,7.0,6.736199999999999,-0.2638000000000007
BA57,7.0,6.821,-0.17900000000000027
BA57,7.0,6.707,-0.29300000000000015
BA57,7.0,6.804799999999999,-0.1952000000000007
BA57,7.0,6.590200000000001,-0.40979999999999883
BA57,7.0,6.7596,-0.24040000000000017
BA58,6.5,6.654,0.15399999999999991
BA58,6.5,6.6994,0.1993999999999998
BA58,6.5,6.6617999999999995,0.1617999999999995
BA58,6.5,6.5878,0.08779999999999966
BA58,6.5,6.775399999999998,0.27539999999999765
BA59,7.0,6.8558,-0.14419999999999966
BA59,7.0,6.926599999999999,-0.07340000000000124
BA59,7.0,6.860399999999997,-0.13960000000000328
BA59,7.0,6.490199999999999,-0.5098000000000011
BA60,5.5,6.0504,0.5503999999999998
BA60,5.5,5.7954,0.2953999999999999
BA60,5.5,5.847,0.3470000000000004
BA60,5.5,5.937399999999999,0.43739999999999934
BA60,5.5,6.3636,0.8635999999999999
BA60,5.5,5.963,0.4630000000000001
BA60,5.5,5.966399999999999,0.46639999999999926
BA60,5.5,6.555,1.0549999999999997
BA60,5.5,6.2876,0.7876000000000003
BA61,7.5,7.2264,-0.27360000000000007
BA61,7.5,7.128999999999999,-0.37100000000000133
BA61,7.5,7.150600000000001,-0.34939999999999927
BA62,6.0,6.280399999999999,0.2803999999999993
BA62,6.0,6.1952,0.19519999999999982
BA62,6.0,6.8,0.7999999999999998
BA62,6.0,6.7075999999999985,0.7075999999999985
BA62,6.0,6.626599999999997,0.6265999999999972
BA62,6.0,6.383799999999999,0.38379999999999903
BA62,6.0,6.415599999999999,0.41559999999999864
BA62,6.0,6.657599999999997,0.6575999999999969
BA63,7.0,6.8641999999999985,-0.13580000000000148
BA63,7.0,6.981999999999998,-0.01800000000000157
BA63,7.0,6.9423999999999975,-0.05760000000000254
BA63,7.0,6.9333999999999945,-0.06660000000000554
BA63,7.0,6.964,-0.03599999999999959
BA64,7.0,6.7707999999999995,-0.22920000000000051
BA64,7.0,6.7894,-0.21060000000000034
BA64,7.0,6.746,-0.25399999999999956
BA64,7.0,6.859,-0.14100000000000001
BA64,7.0,6.7932,-0.20680000000000032
BA65,8.0,7.106599999999999,-0.8934000000000006
BA65,8.0,7.6284,-0.37159999999999993
BA65,8.0,7.1916,-0.8083999999999998
BA65,8.0,7.595599999999998,-0.40440000000000165
BA65,8.0,7.535199999999999,-0.4648000000000012
BA66,7.0,6.961399999999999,-0.038600000000000634
BA66,7.0,6.918399999999999,-0.08160000000000078
BA66,7.0,6.997,-0.0030000000000001137
BA66,7.0,6.982,-0.017999999999999794
BA66,7.0,6.997,-0.0030000000000001137
BA66,7.0,6.968,-0.03200000000000003
BA66,7.0,6.987,-0.0129999999999999
BA66,7.0,6.996,-0.0039999999999995595
BA66,7.0,6.991,-0.009000000000000341
BA68,6.0,6.326,0.3259999999999996
BA68,6.0,6.4886,0.4885999999999999
BA68,6.0,6.2315999999999985,0.23159999999999847
BA68,6.0,6.417599999999999,0.4175999999999993
BA68,6.0,6.2734,0.27339999999999964
BA68,6.0,6.183,0.18299999999999983
BA69,6.0,6.5172,0.5171999999999999
BA69,6.0,6.201,0.20099999999999962
BA69,6.0,6.1217999999999995,0.12179999999999946
BA69,6.0,6.0634,0.06339999999999968
BA69,6.0,6.4902,0.49019999999999975
BA69,6.0,5.9766,-0.023399999999999643
BA69,6.0,6.0184,0.01839999999999975
BA69,6.0,6.211,0.2110000000000003
BA69,6.0,6.2424,0.24239999999999995
BA69,6.0,6.0927999999999995,0.09279999999999955
BA70,5.0,5.859,0.859
BA70,5.0,5.427,0.4269999999999996
BA70,5.0,5.928,0.9279999999999999
BA70,5.0,5.34,0.33999999999999986
BA70,5.0,5.3424,0.3423999999999996
BA70,5.0,5.953,0.9530000000000003
BA70,5.0,5.596,0.5960000000000001
BA70,5.0,5.606199999999999,0.6061999999999994
BA70,5.0,5.3664,0.3663999999999996
BA70,5.0,6.383,1.383
BA70,5.0,6.0474,1.0473999999999997
BA70,5.0,6.480999999999996,1.4809999999999963
BA71,7.0,6.980599999999996,-0.019400000000003637
BA71,7.0,7.0004,0.00039999999999995595
BA71,7.0,6.8236,-0.1764000000000001
BA71,7.0,6.818599999999995,-0.18140000000000533
BA71,7.0,6.244799999999999,-0.7552000000000012
BA71,7.0,6.809599999999997,-0.190400000000003
BA71,7.0,6.349399999999999,-0.6506000000000007
BA71,7.0,6.966999999999998,-0.03300000000000214
BA71,7.0,6.893399999999993,-0.10660000000000736
BA71,7.0,6.839199999999997,-0.16080000000000272
BA71,7.0,7.2886,0.28859999999999975
BA72,8.0,7.847,-0.15299999999999958
BA72,8.0,7.7383999999999995,-0.2616000000000005
BA72,8.0,7.943,-0.057000000000000384
BA72,8.0,7.764399999999999,-0.2356000000000007
BA72,8.0,7.7424,-0.25760000000000005
BA72,8.0,7.8164,-0.1836000000000002
BA72,8.0,7.567399999999999,-0.43260000000000076
BA73,6.0,6.2698,0.26980000000000004
BA73,6.0,6.3316,0.3315999999999999
BA73,6.0,6.2734,0.27339999999999964
BA73,6.0,6.493399999999999,0.4933999999999994
BA74,7.5,7.028,-0.4720000000000004
BA74,7.5,7.288399999999999,-0.21160000000000068
BA74,7.5,6.849399999999999,-0.6506000000000007
BA74,7.5,6.7875999999999985,-0.7124000000000015
BA74,7.5,6.9437999999999995,-0.5562000000000005
BA74,7.5,6.889,-0.6109999999999998
BA74,7.5,6.9796,-0.5204000000000004
BA75,7.5,7.2018,-0.2981999999999996
BA75,7.5,7.202199999999999,-0.2978000000000014
BA75,7.5,7.166599999999999,-0.33340000000000103
BA75,7.5,7.223199999999999,-0.2768000000000006
BA75,7.5,6.9651999999999985,-0.5348000000000015
BA75,7.5,7.002799999999999,-0.4972000000000012
BA76,6.5,6.9918000000000005,0.49180000000000046
BA76,6.5,6.750199999999999,0.25019999999999865
BA76,6.5,6.7534,0.25340000000000007
BA76,6.5,6.8214,0.3213999999999997
BA76,6.5,6.6766000000000005,0.17660000000000053
BA76,6.5,6.7174,0.2173999999999996
BA76,6.5,6.717,0.21699999999999964
BA76,6.5,6.685,0.1849999999999996
BA77,6.0,6.3262,0.32620000000000005
BA77,6.0,6.4308,0.4307999999999996
BA77,6.0,6.1822,0.18219999999999992
BA77,6.0,6.478,0.47799999999999976
BA77,6.0,6.443,0.4429999999999996
BA77,6.0,6.436,0.43599999999999994
BA77,6.0,6.312599999999999,0.3125999999999989
BA77,6.0,6.581799999999999,0.5817999999999994
BA78,7.0,6.837599999999998,-0.16240000000000165
BA78,7.0,6.815999999999998,-0.18400000000000194
BA78,7.0,6.614,-0.3860000000000001
BA78,7.0,6.659799999999998,-0.34020000000000206
BA78,7.0,6.8336,-0.16640000000000033
BA78,7.0,6.6579999999999995,-0.3420000000000005
BA78,7.0,6.738599999999999,-0.26140000000000096
BA79,7.0,6.774799999999999,-0.22520000000000095
BA79,7.0,6.759,-0.24099999999999966
BA79,7.0,6.937399999999999,-0.06260000000000066
BA79,7.0,6.713,-0.2869999999999999
BA80,7.0,6.8073999999999995,-0.19260000000000055
BA80,7.0,6.8448,-0.15519999999999978
BA80,7.0,6.8626,-0.1374000000000004
BA80,7.0,6.8294,-0.1706000000000003
BA80,7.0,6.77,-0.23000000000000043
BA80,7.0,6.855,-0.14499999999999957
BA80,7.0,6.762,-0.23800000000000043
BA80,7.0,6.8713999999999995,-0.1286000000000005
BA81,6.0,6.227,0.2270000000000003
BA81,6.0,6.2307999999999995,0.23079999999999945
BA81,6.0,6.5798,0.5797999999999996
BA81,6.0,6.1976,0.19760000000000044
BA81,6.0,6.199799999999999,0.19979999999999887
BA81,6.0,6.1914,0.1913999999999998
BA81,6.0,6.3034,0.3033999999999999
BA82,8.0,7.011599999999999,-0.9884000000000013
BA82,8.0,7.348399999999998,-0.651600000000002
BA82,8.0,7.313,-0.6870000000000003
BA82,8.0,7.3176,-0.6824000000000003
BA82,8.0,7.3384,-0.6616
BA82,8.0,7.018999999999998,-0.9810000000000016
BA83,5.0,5.203399999999999,0.20339999999999936
BA83,5.0,5.8043999999999984,0.8043999999999984
BA83,5.0,6.4944,1.4943999999999997
BA83,5.0,5.9546,0.9546000000000001
BA83,5.0,5.685200000000001,0.6852000000000009
BA84,7.0,6.7448,-0.2552000000000003
BA84,7.0,6.8192,-0.18079999999999963
BA84,7.0,6.655399999999999,-0.3446000000000007
BA84,7.0,6.7536,-0.2464000000000004
BA84,7.0,6.873,-0.12699999999999978
BA84,7.0,6.6812,-0.3188000000000004
BA84,7.0,6.967199999999999,-0.03280000000000083
BA84,7.0,6.724799999999999,-0.2752000000000008
BA84,7.0,6.5308,-0.46919999999999984
BA85,7.0,6.632999999999998,-0.36700000000000177
BA85,7.0,7.043599999999995,0.0435999999999952
BA85,7.0,7.0593999999999975,0.059399999999997455
BA85,7.0,6.970999999999999,-0.029000000000000803
BA85,7.0,7.0211999999999986,0.021199999999998553
BA85,7.0,6.8054,-0.19460000000000033
BA85,7.0,7.009799999999999,0.009799999999999365
BA85,7.0,6.987799999999999,-0.012200000000000877
BA85,7.0,7.116199999999997,0.11619999999999742
BA86,6.5,6.6892,0.1891999999999996
BA86,6.5,6.621,0.12100000000000044
BA86,6.5,6.6381999999999985,0.13819999999999855
BA86,6.5,6.647999999999998,0.1479999999999979
BA87,6.0,6.164999999999999,0.16499999999999915
BA87,6.0,6.2486,0.2485999999999997
BA87,6.0,6.352199999999999,0.35219999999999896
BA87,6.0,6.482199999999998,0.48219999999999796
BA87,6.0,6.341199999999999,0.34119999999999884
BA87,6.0,6.1426,0.14259999999999984
BA87,6.0,6.7448,0.7447999999999997
BA87,6.0,6.3572,0.35719999999999974
BA89,8.0,7.805199999999999,-0.19480000000000075
BA89,8.0,7.697,-0.30299999999999994
BA89,8.0,7.797399999999998,-0.2026000000000021
BA89,8.0,7.480399999999998,-0.5196000000000023
BA89,8.0,7.776399999999999,-0.22360000000000113
BA89,8.0,6.569199999999999,-1.4308000000000014
BA89,8.0,7.655600000000001,-0.3443999999999994
BA89,8.0,7.347199999999999,-0.6528000000000009
BA90,7.0,6.5573999999999995,-0.44260000000000055
BA90,7.0,6.981,-0.019000000000000128
BA90,7.0,6.958,-0.041999999999999815
BA90,7.0,6.9204,-0.07960000000000012
BA90,7.0,6.969399999999999,-0.030600000000000627
BA90,7.0,6.804799999999999,-0.1952000000000007
BA90,7.0,6.8304,-0.16959999999999997
BA90,7.0,6.861,-0.13900000000000023
BA90,7.0,6.817399999999999,-0.18260000000000076
BA1,7.0,6.4074,-0.5926
BA1,7.0,6.719199999999999,-0.28080000000000105
BA1,7.0,6.4174,-0.5826000000000002
BA1,7.0,6.785399999999999,-0.2146000000000008
BA1,7.0,6.3426,-0.6574
BA1,7.0,6.4441999999999995,-0.5558000000000005
BA1,7.0,6.7303999999999995,-0.2696000000000005
BA1,7.0,6.992199999999999,-0.007800000000001361
BA2,7.0,7.113599999999996,0.11359999999999637
BA2,7.0,6.975799999999999,-0.02420000000000133
BA2,7.0,6.992799999999999,-0.007200000000000983
BA2,7.0,6.947599999999999,-0.052400000000001334
BA3,7.0,6.927599999999999,-0.07240000000000091
BA3,7.0,6.937399999999999,-0.06260000000000066
BA3,7.0,6.731999999999998,-0.26800000000000157
BA3,7.0,6.540799999999999,-0.45920000000000094
BA3,7.0,6.936199999999999,-0.06380000000000141
BA3,7.0,6.8016,-0.19840000000000035
BA3,7.0,6.7474,-0.25260000000000016
BA3,7.0,6.8928,-0.10719999999999974
BA3,7.0,6.6084,-0.3916000000000004
BA3,7.0,6.702599999999999,-0.29740000000000144
BA3,7.0,6.976799999999999,-0.023200000000000998
BA4,8.0,6.6178,-1.3822
BA4,8.0,7.344199999999999,-0.655800000000001
BA4,8.0,7.456999999999999,-0.543000000000001
BA4,8.0,7.2574,-0.7426000000000004
BA4,8.0,7.1,-0.9000000000000004
BA4,8.0,7.033199999999999,-0.966800000000001
BA4,8.0,7.593799999999999,-0.406200000000001
BA4,8.0,6.790799999999999,-1.209200000000001
BA4,8.0,6.5126,-1.4874
BA4,8.0,7.525999999999999,-0.4740000000000011
BA5,6.0,6.807,0.8070000000000004
BA5,6.0,6.625,0.625
BA5,6.0,6.134,0.13400000000000034
BA5,6.0,6.211,0.2110000000000003
BA5,6.0,6.356,0.35599999999999987
BA5,6.0,6.4594,0.4593999999999996
BA5,6.0,6.798,0.798
BA5,6.0,6.1884,0.18839999999999968
BA5,6.0,6.162799999999999,0.16279999999999895
BA6,8.0,6.581600000000001,-1.4183999999999992
BA6,8.0,7.488,-0.5119999999999996
BA6,8.0,7.406,-0.5940000000000003
BA6,8.0,6.838,-1.162
BA6,8.0,7.884399999999999,-0.11560000000000059
BA6,8.0,7.026,-0.9740000000000002
BA7,6.0,6.099,0.0990000000000002
BA7,6.0,6.274,0.274
BA7,6.0,6.055,0.054999999999999716
BA7,6.0,6.161,0.1609999999999996
BA7,6.0,6.036,0.03599999999999959
BA7,6.0,6.28,0.28000000000000025
BA7,6.0,6.043,0.04300000000000015
BA7,6.0,6.065,0.06500000000000039
BA7,6.0,6.15,0.15000000000000036
BA8,7.0,6.892399999999999,-0.10760000000000058
BA8,7.0,6.909999999999999,-0.09000000000000075
BA8,7.0,7.044199999999999,0.04419999999999913
BA8,7.0,7.173,0.17300000000000004
BA8,7.0,7.081799999999999,0.08179999999999943
BA8,7.0,7.002599999999998,0.0025999999999983814
BA8,7.0,6.972600000000001,-0.027399999999999203
BA8,7.0,7.039599999999999,0.03959999999999919
BA9,8.0,7.192399999999999,-0.8076000000000008
BA9,8.0,7.2218,-0.7782
BA9,8.0,6.7716,-1.2283999999999997
BA9,8.0,7.234199999999998,-0.7658000000000023
BA9,8.0,7.010999999999999,-0.9890000000000008
BA9,8.0,7.063599999999998,-0.9364000000000017
BA9,8.0,6.9361999999999995,-1.0638000000000005
BA9,8.0,7.471599999999999,-0.5284000000000013
BA11,6.0,6.4308,0.4307999999999996
BA11,6.0,6.2574,0.25739999999999963
BA11,6.0,6.400600000000001,0.40060000000000073
BA11,6.0,6.293,0.29300000000000015
BA11,6.0,6.311,0.31099999999999994
BA11,6.0,6.1144,0.11439999999999984
BA11,6.0,6.33,0.33000000000000007
BA12,7.0,6.5694,-0.4306000000000001
BA12,7.0,6.6244,-0.3756000000000004
BA12,7.0,6.709,-0.29100000000000037
BA12,7.0,6.5828,-0.41720000000000024
BA12,7.0,6.609,-0.391
BA12,7.0,6.734799999999999,-0.265200000000001
BA12,7.0,6.9956000000000005,-0.004399999999999515
BA12,7.0,6.519199999999999,-0.4808000000000012
BA13,7.0,6.853199999999999,-0.1468000000000007
BA13,7.0,6.854599999999999,-0.1454000000000013
BA13,7.0,6.940199999999997,-0.05980000000000274
BA14,7.0,6.984799999999999,-0.01520000000000099
BA14,7.0,7.1313999999999975,0.13139999999999752
BA14,7.0,6.9256,-0.0743999999999998
BA14,7.0,6.8802,-0.11979999999999968
BA14,7.0,7.080599999999995,0.08059999999999512
BA14,7.0,6.933599999999998,-0.06640000000000157
BA14,7.0,6.8824,-0.11760000000000037
BA14,7.0,7.193799999999998,0.19379999999999775
BA14,7.0,7.368599999999999,0.36859999999999893
BA14,7.0,7.291799999999997,0.29179999999999673
BA15,7.0,6.962599999999998,-0.037400000000001654
BA15,7.0,7.055,0.054999999999999716
BA15,7.0,6.925599999999998,-0.07440000000000158
BA15,7.0,6.748599999999999,-0.2514000000000012
BA15,7.0,7.220599999999999,0.22059999999999924
BA15,7.0,7.074799999999999,0.07479999999999887
BA15,7.0,7.004,0.0039999999999995595
BA17,6.5,6.409799999999999,-0.09020000000000117
BA17,6.5,6.709,0.20899999999999963
BA17,6.5,6.5104,0.010399999999999743
BA17,6.5,6.622199999999999,0.12219999999999942
BA17,6.5,6.6882,0.18820000000000014
BA17,6.5,6.6964,0.19639999999999969
BA17,6.5,6.572799999999999,0.07279999999999909
BA17,6.5,6.484199999999999,-0.01580000000000137
BA18,7.5,7.0716,-0.4283999999999999
BA18,7.5,7.2627999999999995,-0.23720000000000052
BA18,7.5,7.033799999999998,-0.4662000000000024
BA18,7.5,6.874,-0.6260000000000003
BA18,7.5,6.679,-0.8209999999999997
BA18,7.5,6.791,-0.7089999999999996
BA18,7.5,6.575399999999999,-0.9246000000000008
BA18,7.5,6.910199999999999,-0.5898000000000012
BA18,7.5,7.1168,-0.38320000000000043
BA18,7.5,6.803799999999999,-0.696200000000001
BA18,7.5,6.437399999999999,-1.0626000000000007
BA18,7.5,7.152399999999999,-0.3476000000000008
BA19,7.5,6.988199999999998,-0.5118000000000018
BA19,7.5,6.618599999999999,-0.8814000000000011
BA19,7.5,6.848199999999999,-0.6518000000000006
BA19,7.5,7.118799999999999,-0.38120000000000065
BA19,7.5,7.2017999999999995,-0.29820000000000046
BA20,6.0,6.343,0.34299999999999997
BA20,6.0,6.322199999999999,0.3221999999999987
BA20,6.0,6.274400000000001,0.27440000000000087
BA20,6.0,6.317,0.31700000000000017
BA20,6.0,6.112,0.1120000000000001
BA20,6.0,6.36,0.3600000000000003
BA20,6.0,6.463,0.4630000000000001
BA20,6.0,6.0248,0.024799999999999933
BA20,6.0,6.218,0.21799999999999997
BA20,6.0,6.126399999999999,0.1263999999999994
BA21,7.5,6.869599999999998,-0.6304000000000016
BA21,7.5,6.783599999999999,-0.716400000000001
BA21,7.5,7.0378,-0.46220000000000017
BA21,7.5,6.357200000000001,-1.1427999999999994
BA21,7.5,6.2374,-1.2626
BA21,7.5,7.042199999999999,-0.45780000000000065
BA21,7.5,7.003599999999999,-0.4964000000000013
BA22,7.2,7.027199999999996,-0.17280000000000406
BA22,7.2,7.013199999999991,-0.18680000000000874
BA22,7.2,7.027599999999998,-0.17240000000000233
BA22,7.2,6.289199999999999,-0.9108000000000009
BA22,7.2,7.372799999999988,0.17279999999998807
BA23,6.0,6.720399999999996,0.7203999999999962
BA23,6.0,6.622599999999999,0.6225999999999994
BA23,6.0,6.860999999999999,0.8609999999999989
BA23,6.0,6.6094,0.6093999999999999
BA23,6.0,6.595599999999998,0.5955999999999984
BA23,6.0,6.395999999999997,0.39599999999999724
BA24,6.0,6.403,0.4029999999999996
BA24,6.0,6.045,0.04499999999999993
BA24,6.0,6.032,0.03200000000000003
BA24,6.0,6.031,0.030999999999999694
BA24,6.0,6.226,0.22599999999999998
BA24,6.0,6.043,0.04300000000000015
BA24,6.0,6.074,0.07399999999999984
BA24,6.0,6.479,0.4790000000000001
BA25,5.5,5.74,0.2400000000000002
BA25,5.5,5.624,0.12399999999999967
BA25,5.5,6.169,0.6689999999999996
BA25,5.5,6.0318000000000005,0.5318000000000005
BA25,5.5,5.9834,0.4833999999999996
BA25,5.5,6.0584,0.5583999999999998
BA25,5.5,5.784,0.2839999999999998
BA26,6.5,6.651,0.1509999999999998
BA26,6.5,6.6564,0.15639999999999965
BA26,6.5,6.476599999999999,-0.02340000000000142
BA27,7.5,7.188999999999997,-0.3110000000000026
BA27,7.5,7.3671999999999995,-0.13280000000000047
BA28,5.5,6.618,1.1180000000000003
BA28,5.5,6.106,0.6059999999999999
BA28,5.5,5.9514,0.4513999999999996
BA28,5.5,6.154999999999999,0.6549999999999994
BA28,5.5,6.231399999999999,0.7313999999999989
BA28,5.5,6.8464,1.3464
BA28,5.5,6.159999999999999,0.6599999999999993
BA28,5.5,5.911,0.4109999999999996
BA28,5.5,6.0718,0.5717999999999996
BA29,6.5,6.4692,-0.03080000000000016
BA29,6.5,6.3188,-0.18119999999999958
BA29,6.5,6.542599999999999,0.042599999999999305
BA29,6.5,6.403,-0.09700000000000042
BA29,6.5,6.39,-0.11000000000000032
BA29,6.5,6.6373999999999995,0.13739999999999952
BA29,6.5,6.609,0.10899999999999999
BA30,6.0,6.2108,0.21079999999999988
BA30,6.0,6.119,0.11899999999999977
BA30,6.0,6.2184,0.21839999999999993
BA30,6.0,6.3302000000000005,0.3302000000000005
BA30,6.0,6.3084,0.3083999999999998
BA30,6.0,6.183,0.18299999999999983
BA30,6.0,6.3344,0.3343999999999996
BA30,6.0,6.241,0.24099999999999966
BA30,6.0,6.292,0.2919999999999998
BA30,6.0,6.2504,0.25039999999999996
BA31,6.5,6.563599999999999,0.06359999999999921
BA31,6.5,6.7056000000000004,0.20560000000000045
BA31,6.5,7.259,0.7590000000000003
BA31,6.5,6.4958,-0.0041999999999999815
BA31,6.5,6.551799999999999,0.05179999999999918
BA31,6.5,6.572,0.07200000000000006
BA31,6.5,6.620999999999999,0.12099999999999866
BA31,6.5,6.392799999999999,-0.10720000000000063
BA31,6.5,6.279,-0.22100000000000009
BA31,6.5,6.5206,0.02059999999999995
BA31,6.5,6.3192,-0.18079999999999963
BA31,6.5,6.733199999999997,0.2331999999999974
BA32,6.0,6.102399999999999,0.10239999999999938
BA32,6.0,6.6516,0.6516000000000002
BA32,6.0,6.668399999999999,0.6683999999999992
BA33,7.5,6.6106,-0.8894000000000002
BA33,7.5,7.195399999999999,-0.30460000000000065
BA33,7.5,7.2604,-0.23960000000000026
BA33,7.5,6.862599999999999,-0.6374000000000013
BA33,7.5,6.8312,-0.6688000000000001
BA33,7.5,7.0802000000000005,-0.4197999999999995
BA33,7.5,6.501199999999999,-0.998800000000001
BA35,6.5,6.482,-0.017999999999999794
BA35,6.5,6.4121999999999995,-0.08780000000000054
BA35,6.5,6.4346000000000005,-0.06539999999999946
BA35,6.5,6.33,-0.16999999999999993
BA35,6.5,6.656,0.1559999999999997
BA36,6.0,7.049,1.0490000000000004
BA36,6.0,6.509799999999999,0.5097999999999994
BA36,6.0,6.6342,0.6341999999999999
BA36,6.0,6.5375999999999985,0.5375999999999985
BA36,6.0,6.634799999999999,0.6347999999999994
BA36,6.0,6.2993999999999994,0.29939999999999944
BA37,7.0,6.9514,-0.04860000000000042
BA37,7.0,6.936,-0.06400000000000006
BA37,7.0,6.908,-0.09199999999999964
BA37,7.0,6.892,-0.10799999999999965
BA37,7.0,6.808,-0.19200000000000017
BA38,7.5,7.4117999999999995,-0.0882000000000005
BA38,7.5,7.270199999999997,-0.22980000000000267
BA38,7.5,6.9354,-0.5646000000000004
BA38,7.5,7.1968,-0.30320000000000036
BA39,7.0,6.8782,-0.12180000000000035
BA39,7.0,6.630799999999999,-0.3692000000000011
BA42,8.5,8.1,-0.40000000000000036
BA42,8.5,8.35,-0.15000000000000036
BA42,8.5,8.2162,-0.2837999999999994
BA42,8.5,8.1554,-0.3445999999999998
BA43,7.0,6.7955999999999985,-0.20440000000000147
BA44,7.5,7.2722,-0.22780000000000022
BA44,7.5,7.234,-0.266
BA44,7.5,7.0718000000000005,-0.42819999999999947
BA44,7.5,6.673799999999999,-0.8262000000000009
BA44,7.5,7.107,-0.3929999999999998
BA44,7.5,6.734399999999998,-0.7656000000000018
BA44,7.5,7.027199999999998,-0.4728000000000021
BA46,6.0,6.351,0.351
BA46,6.0,7.301,1.3010000000000002
BA46,6.0,6.394199999999999,0.3941999999999988
BA46,6.0,6.3881999999999985,0.38819999999999855
BA46,6.0,6.660399999999999,0.6603999999999992
BA46,6.0,6.3514,0.35139999999999993
BA46,6.0,6.4768,0.4767999999999999
BA47,7.0,6.748399999999999,-0.2516000000000007
BA47,7.0,6.829,-0.17100000000000026
BA47,7.0,6.8388,-0.1612
BA47,7.0,6.757,-0.24300000000000033
BA47,7.0,6.8118,-0.18820000000000014
BA47,7.0,6.887,-0.11300000000000043
BA47,7.0,6.741,-0.25900000000000034
BA48,6.0,6.3486,0.34860000000000024
BA48,6.0,6.4078,0.40779999999999994
BA48,6.0,6.280399999999999,0.2803999999999993
BA48,6.0,6.369,0.3689999999999998
BA48,6.0,6.597599999999999,0.597599999999999
BA48,6.0,6.4944,0.49439999999999973
BA49,6.0,6.3405999999999985,0.34059999999999846
BA49,6.0,6.3404,0.3403999999999998
BA49,6.0,6.534999999999998,0.5349999999999984
BA49,6.0,6.2856,0.28559999999999963
BA49,6.0,6.437799999999998,0.4377999999999984
BA49,6.0,6.780399999999999,0.7803999999999993
BA49,6.0,6.437799999999999,0.4377999999999993
BA49,6.0,6.2204,0.2203999999999997
BA49,6.0,6.1832,0.18320000000000025
BA50,7.0,6.6785999999999985,-0.32140000000000146
BA50,7.0,6.7172,-0.28279999999999994
BA50,7.0,6.516,-0.484
BA50,7.0,6.669,-0.3310000000000004
BA50,7.0,6.8804,-0.11960000000000015
BA50,7.0,6.985999999999998,-0.01400000000000201
BA50,7.0,7.220199999999999,0.22019999999999929
BA50,7.0,6.7548,-0.24519999999999964
BA51,6.0,6.361800000000001,0.36180000000000057
BA52,6.0,6.560599999999999,0.5605999999999991
BA52,6.0,6.166799999999999,0.1667999999999994
BA52,6.0,6.2534,0.25340000000000007
BA52,6.0,6.3546000000000005,0.35460000000000047
BA52,6.0,6.316599999999999,0.3165999999999993
BA52,6.0,6.548199999999999,0.5481999999999987
BA53,7.0,6.712199999999999,-0.2878000000000007
BA53,7.0,6.7943999999999996,-0.20560000000000045
BA53,7.0,6.633599999999999,-0.3664000000000014
BA53,7.0,6.5078,-0.4922000000000004
BA53,7.0,6.453599999999999,-0.5464000000000011
BA56,5.0,5.489,0.4889999999999999
BA56,5.0,5.865,0.8650000000000002
BA56,5.0,6.280799999999999,1.2807999999999993
BA56,5.0,5.57,0.5700000000000003
BA56,5.0,6.416399999999999,1.4163999999999994
BA56,5.0,6.232399999999999,1.2323999999999993
BA57,7.0,6.688399999999999,-0.3116000000000012
BA57,7.0,6.695600000000001,-0.30439999999999934
BA57,7.0,6.795199999999999,-0.20480000000000143
BA57,7.0,6.869199999999999,-0.1308000000000007
BA57,7.0,6.8374,-0.1626000000000003
BA57,7.0,6.811799999999999,-0.18820000000000103
BA57,7.0,6.987199999999999,-0.012800000000001255
BA57,7.0,6.7284,-0.2716000000000003
BA57,7.0,6.8835999999999995,-0.1164000000000005
BA58,6.5,6.65,0.15000000000000036
BA58,6.5,6.5762,0.07620000000000005
BA58,6.5,6.7308,0.23080000000000034
BA58,6.5,6.7338,0.23379999999999956
BA58,6.5,6.716599999999999,0.2165999999999988
BA58,6.5,6.761799999999999,0.26179999999999914
BA59,7.0,6.849,-0.1509999999999998
BA59,7.0,6.860799999999999,-0.13920000000000066
BA59,7.0,6.7143999999999995,-0.2856000000000005
BA59,7.0,6.821399999999998,-0.1786000000000021
BA60,5.5,6.441799999999999,0.9417999999999989
BA60,5.5,6.0718000000000005,0.5718000000000005
BA60,5.5,6.4872,0.9871999999999996
BA61,7.5,6.586,-0.9139999999999997
BA61,7.5,6.934,-0.5659999999999998
BA61,7.5,7.4462,-0.05379999999999985
BA61,7.5,7.367,-0.133
BA62,6.0,6.284,0.2839999999999998
BA62,6.0,6.2746,0.2746000000000004
BA62,6.0,6.3268,0.3268000000000004
BA62,6.0,6.421399999999999,0.42139999999999933
BA62,6.0,6.5858,0.5857999999999999
BA62,6.0,6.3642,0.3642000000000003
BA62,6.0,6.3058,0.3057999999999996
BA62,6.0,6.702799999999998,0.7027999999999981
BA62,6.0,6.662199999999994,0.6621999999999941
BA63,7.0,6.655399999999999,-0.3446000000000007
BA63,7.0,6.967999999999997,-0.03200000000000269
BA63,7.0,6.7713999999999945,-0.22860000000000547
BA63,7.0,6.9485999999999954,-0.05140000000000455
BA63,7.0,6.994599999999998,-0.005400000000001626
BA63,7.0,6.870199999999997,-0.12980000000000302
BA63,7.0,6.870399999999997,-0.1296000000000026
BA63,7.0,6.783199999999999,-0.216800000000001
BA64,7.0,6.8164,-0.1836000000000002
BA64,7.0,6.9274,-0.07260000000000044
BA64,7.0,6.886199999999999,-0.11380000000000123
BA64,7.0,6.946,-0.05400000000000027
BA64,7.0,6.8546000000000005,-0.14539999999999953
BA64,7.0,6.7412,-0.2587999999999999
BA64,7.0,6.8374,-0.1626000000000003
BA64,7.0,6.705799999999999,-0.2942000000000009
BA65,8.0,7.7778,-0.22219999999999995
BA65,8.0,7.7174,-0.2826000000000004
BA65,8.0,7.836,-0.1639999999999997
BA65,8.0,7.2421999999999995,-0.7578000000000005
BA65,8.0,7.357799999999999,-0.6422000000000008
BA65,8.0,7.157199999999999,-0.8428000000000013
BA65,8.0,7.6768,-0.32319999999999993
BA65,8.0,7.7101999999999995,-0.2898000000000005
BA66,7.0,6.882,-0.11800000000000033
BA66,7.0,6.984,-0.016000000000000014
BA66,7.0,6.981,-0.019000000000000128
BA66,7.0,6.963,-0.03699999999999992
BA66,7.0,6.976,-0.02400000000000002
BA66,7.0,6.901,-0.0990000000000002
BA66,7.0,6.8964,-0.10360000000000014
BA68,6.0,6.3252,0.3251999999999997
BA68,6.0,6.368,0.3680000000000003
BA68,6.0,6.552,0.5519999999999996
BA68,6.0,6.687199999999999,0.6871999999999989
BA68,6.0,6.612999999999998,0.6129999999999978
BA68,6.0,6.278,0.2779999999999996
BA68,6.0,6.2154,0.2153999999999998
BA68,6.0,6.235399999999999,0.2353999999999994
BA68,6.0,6.219,0.2190000000000003
BA68,6.0,6.287,0.2869999999999999
BA68,6.0,6.197,0.19700000000000006
BA68,6.0,6.405399999999999,0.4053999999999993
BA69,6.0,6.053,0.052999999999999936
BA69,6.0,6.110799999999999,0.11079999999999934
BA69,6.0,6.172599999999998,0.1725999999999983
BA69,6.0,6.011,0.01100000000000012
BA70,5.0,6.083399999999998,1.0833999999999984
BA70,5.0,6.4254,1.4253999999999998
BA70,5.0,5.3308,0.3308
BA70,5.0,6.778599999999998,1.7785999999999982
BA70,5.0,5.5558000000000005,0.5558000000000005
BA70,5.0,6.2635999999999985,1.2635999999999985
BA70,5.0,7.089599999999996,2.0895999999999963
BA70,5.0,5.862,0.8620000000000001
BA70,5.0,6.114799999999999,1.114799999999999
BA71,7.0,6.949999999999995,-0.05000000000000515
BA71,7.0,6.899999999999997,-0.1000000000000032
BA71,7.0,7.009999999999999,0.009999999999998899
BA71,7.0,6.697799999999997,-0.3022000000000027
BA71,7.0,6.654799999999999,-0.34520000000000106
BA71,7.0,6.866599999999998,-0.13340000000000174
BA72,8.0,7.789,-0.2110000000000003
BA72,8.0,7.8534,-0.14660000000000029
BA72,8.0,7.900200000000001,-0.09979999999999922
BA72,8.0,7.934799999999999,-0.06520000000000081
BA72,8.0,7.897,-0.10299999999999976
BA72,8.0,7.835199999999999,-0.1648000000000014
BA73,6.0,6.707999999999994,0.707999999999994
BA73,6.0,6.3804,0.38039999999999985
BA73,6.0,6.361200000000001,0.3612000000000011
BA73,6.0,6.5716,0.5716000000000001
BA73,6.0,6.398399999999996,0.3983999999999961
BA74,7.5,7.0454,-0.4546000000000001
BA74,7.5,6.9361999999999995,-0.5638000000000005
BA74,7.5,7.0322000000000005,-0.46779999999999955
BA74,7.5,6.683,-0.8170000000000002
BA74,7.5,6.9193999999999996,-0.5806000000000004
BA74,7.5,7.0478000000000005,-0.4521999999999995
BA75,7.5,7.1728,-0.3272000000000004
BA75,7.5,7.118199999999999,-0.381800000000001
BA75,7.5,7.130399999999998,-0.3696000000000019
BA75,7.5,6.7471999999999985,-0.7528000000000015
BA75,7.5,6.780399999999999,-0.7196000000000007
BA75,7.5,7.1174,-0.38260000000000005
BA75,7.5,6.8104,-0.6896000000000004
BA75,7.5,6.881399999999999,-0.6186000000000007
BA75,7.5,6.895799999999997,-0.6042000000000032
BA75,7.5,7.051799999999999,-0.4482000000000008
BA76,6.5,6.884399999999997,0.38439999999999674
BA76,6.5,6.661,0.1609999999999996
BA76,6.5,6.8504,0.3503999999999996
BA76,6.5,6.7214,0.22140000000000004
BA76,6.5,6.7054,0.20540000000000003
BA76,6.5,6.523,0.022999999999999687
BA76,6.5,6.5614,0.0613999999999999
BA76,6.5,6.824199999999999,0.3241999999999994
BA76,6.5,6.519399999999999,0.019399999999999196
BA76,6.5,6.897,0.39700000000000024
BA76,6.5,6.832199999999999,0.3321999999999994
BA76,6.5,6.725,0.22499999999999964
BA77,6.0,6.1693999999999996,0.16939999999999955
BA77,6.0,6.1804,0.18039999999999967
BA77,6.0,6.235,0.23500000000000032
BA77,6.0,6.296399999999999,0.29639999999999933
BA77,6.0,6.5504,0.5503999999999998
BA77,6.0,6.6557999999999975,0.6557999999999975
BA78,7.0,6.699999999999999,-0.3000000000000007
BA78,7.0,6.7018,-0.2981999999999996
BA78,7.0,6.7056,-0.29440000000000044
BA78,7.0,6.8616,-0.13839999999999986
BA78,7.0,6.5687999999999995,-0.43120000000000047
BA78,7.0,6.7572,-0.2427999999999999
BA78,7.0,6.634600000000001,-0.3653999999999993
BA78,7.0,6.626,-0.37399999999999967
BA79,7.0,6.7582,-0.24179999999999957
BA79,7.0,6.7438,-0.25619999999999976
BA79,7.0,6.819199999999999,-0.1808000000000014
BA79,7.0,6.7,-0.2999999999999998
BA79,7.0,6.86,-0.13999999999999968
BA79,7.0,6.841399999999999,-0.15860000000000074
BA79,7.0,6.8544,-0.14559999999999995
BA79,7.0,6.7336,-0.26639999999999997
BA79,7.0,6.479,-0.5209999999999999
BA79,7.0,6.857799999999999,-0.14220000000000077
BA79,7.0,6.958,-0.041999999999999815
BA79,7.0,6.884,-0.11599999999999966
BA80,7.0,6.7268,-0.2732000000000001
BA80,7.0,6.867199999999999,-0.13280000000000136
BA80,7.0,6.8816,-0.11840000000000028
BA80,7.0,6.846799999999999,-0.1532000000000009
BA80,7.0,6.905399999999999,-0.09460000000000068
BA80,7.0,6.7332,-0.2667999999999999
BA80,7.0,6.7518,-0.24819999999999975
BA80,7.0,6.8786000000000005,-0.12139999999999951
BA80,7.0,6.909199999999999,-0.09080000000000066
BA80,7.0,6.727199999999999,-0.27280000000000104
BA80,7.0,6.815799999999999,-0.18420000000000059
BA80,7.0,6.902799999999999,-0.09720000000000084
BA81,6.0,6.5644,0.5644
BA81,6.0,6.248399999999999,0.2483999999999993
BA81,6.0,6.217,0.21699999999999964
BA81,6.0,6.5282,0.5282
BA82,8.0,7.276599999999999,-0.7234000000000007
BA82,8.0,7.045599999999996,-0.9544000000000041
BA82,8.0,7.093999999999992,-0.9060000000000077
BA82,8.0,6.8558,-1.1441999999999997
BA82,8.0,7.1486,-0.8513999999999999
BA83,5.0,5.192,0.19200000000000017
BA83,5.0,5.5443999999999996,0.5443999999999996
BA83,5.0,5.6356,0.6356000000000002
BA83,5.0,5.857799999999999,0.8577999999999992
BA83,5.0,5.7264,0.7263999999999999
BA83,5.0,5.998,0.9980000000000002
BA83,5.0,6.361599999999998,1.3615999999999984
BA84,7.0,7.046199999999997,0.04619999999999713
BA84,7.0,6.896599999999998,-0.10340000000000238
BA85,7.0,6.996999999999998,-0.00300000000000189
BA85,7.0,7.015599999999996,0.015599999999995617
BA85,7.0,7.002599999999998,0.0025999999999983814
BA85,7.0,6.922199999999999,-0.07780000000000076
BA85,7.0,6.9286,-0.07139999999999969
BA86,6.5,6.754599999999999,0.25459999999999905
BA86,6.5,6.7184,0.21839999999999993
BA86,6.5,6.5804,0.08040000000000003
BA86,6.5,6.562799999999999,0.0627999999999993
BA86,6.5,6.496999999999999,-0.003000000000001002
BA86,6.5,6.959799999999999,0.45979999999999865
BA86,6.5,6.623399999999999,0.12339999999999929
BA86,6.5,6.5203999999999995,0.02039999999999953
BA86,6.5,6.666199999999999,0.16619999999999902
BA87,6.0,6.192799999999999,0.1927999999999992
BA87,6.0,6.251200000000001,0.25120000000000076
BA87,6.0,6.1453999999999995,0.14539999999999953
BA87,6.0,6.298199999999999,0.2981999999999987
BA87,6.0,6.212,0.21199999999999974
BA87,6.0,6.520399999999999,0.5203999999999986
BA87,6.0,6.2878,0.28779999999999983
BA87,6.0,6.2844,0.28439999999999976
BA89,8.0,7.8262,-0.17379999999999995
BA89,8.0,7.559999999999996,-0.44000000000000394
BA89,8.0,7.8721999999999985,-0.12780000000000147
BA89,8.0,7.933599999999998,-0.06640000000000157
BA89,8.0,7.095399999999993,-0.9046000000000074
BA89,8.0,7.772399999999998,-0.22760000000000158
BA89,8.0,6.873199999999998,-1.126800000000002
BA89,8.0,7.729999999999998,-0.27000000000000224
BA89,8.0,7.739799999999999,-0.2602000000000011
BA89,8.0,7.601999999999999,-0.3980000000000006
BA90,7.0,6.929,-0.07099999999999973
BA90,7.0,6.894,-0.10599999999999987
BA90,7.0,6.8016,-0.19840000000000035
BA90,7.0,6.922,-0.07800000000000029
BA90,7.0,6.9654,-0.034600000000000186
BA90,7.0,6.8984,-0.10160000000000036
BA90,7.0,6.7818,-0.2182000000000004
BA90,7.0,6.639399999999999,-0.3606000000000007
BA90,7.0,6.9284,-0.07160000000000011
